week_start,cases,future_deaths,pandemic_period,cases_log1p,week_start_label
2019-12-30,0.0,0.0,2020-2022,0.0,2019-12-30
2020-01-06,0.0,0.0,2020-2022,0.0,2020-01-06
2020-01-13,0.0,0.0,2020-2022,0.0,2020-01-13
2020-01-20,0.0,0.0005986614346391,2020-2022,0.0,2020-01-20
2020-01-27,0.0005986614346391,0.0032926378905151,2020-2022,0.0005984823083695322,2020-01-27
2020-02-03,0.031130394601234,0.0002993307173195,2020-2022,0.030655670947695474,2020-02-03
2020-02-10,0.0281370874280384,0.0,2020-2022,0.027748511671402125,2020-02-10
2020-02-17,0.0092792522369063,0.0020953150212369,2020-2022,0.009236464464551113,2020-02-17
2020-02-24,0.0317290560358731,0.0041906300424738,2020-2022,0.03123608998813077,2020-02-24
2020-03-02,0.3211818596838861,0.0419063004247381,2020-2022,0.27852668425849847,2020-03-02
2020-03-09,1.9468469854464072,0.4531867060218112,2020-2022,1.080735780265177,2020-03-09
2020-03-16,7.65777774118626,2.446729283370069,2020-2022,2.1584580777716273,2020-03-16
2020-03-23,22.504581320236355,8.193879055905589,2020-2022,3.1571953519471627,2020-03-23
2020-03-30,48.52569990754288,16.260243226233047,2020-2022,3.9024917248934936,2020-03-30
2020-04-06,67.15634308422952,19.371486702052533,2020-2022,4.221804229148492,2020-04-06
2020-04-13,64.87005506534273,17.494683104458904,2020-2022,4.187683938622234,2020-04-13
2020-04-20,69.2193303879959,13.893435244387302,2020-2022,4.251623634779067,2020-04-20
2020-04-27,67.50745801564535,10.614267236151536,2020-2022,4.226942615482411,2020-04-27
2020-05-04,58.94719816174062,7.885269086349124,2020-2022,4.093464144130151,2020-05-04
2020-05-11,45.55663852245018,6.014751433819206,2020-2022,3.8406696041341055,2020-05-11
2020-05-18,38.17723834837111,4.539050997433782,2020-2022,3.6680959237730892,2020-05-18
2020-05-25,29.372724629133614,3.4761276202320306,2020-2022,3.413544989525934,2020-05-25
2020-06-01,21.371913885899144,2.510187395441816,2020-2022,3.107806327760942,2020-06-01
2020-06-08,16.066576252127295,1.8241213913453884,2020-2022,2.837121945636403,2020-06-08
2020-06-15,14.806393932211952,1.3748259846487314,2020-2022,2.7604145374262767,2020-06-15
2020-06-22,12.70179965873814,1.1634984982211232,2020-2022,2.6175271861585427,2020-06-22
2020-06-29,9.856960521333054,0.8037029760030141,2020-2022,2.3848063970022504,2020-06-29
2020-07-06,8.713517181172344,0.6273971835017943,2020-2022,2.2735184392882926,2020-07-06
2020-07-13,8.962560337982215,0.4651599347145936,2020-2022,2.2988341006081274,2020-07-13
2020-07-20,9.723459021408532,0.3906265861020235,2020-2022,2.3724337735034293,2020-07-20
2020-07-27,11.091101068841594,0.3289644583341946,2020-2022,2.492469733171448,2020-07-27
2020-08-03,12.377923822598374,0.3154945760548145,2020-2022,2.593605872450551,2020-08-03
2020-08-10,15.137453705567385,0.2828675278669826,2020-2022,2.781142887419917,2020-08-10
2020-08-17,15.936666720810605,0.2086335099717321,2020-2022,2.8294809001343784,2020-08-17
2020-08-24,17.334241839975622,0.1888776826286413,2020-2022,2.9087704502443184,2020-08-24
2020-08-31,24.401440075890395,0.2179127622086384,2020-2022,3.234805868318536,2020-08-31
2020-09-07,43.1449309330065,0.3136985917508971,2020-2022,3.7874781058038227,2020-09-07
2020-09-14,48.62896900501812,0.490004384252117,2020-2022,3.904574715759116,2020-09-14
2020-09-21,76.21079795242882,0.7154004143937444,2020-2022,4.346539317099969,2020-09-21
2020-09-28,121.68541985833345,1.0527461328128866,2020-2022,4.809623517095868,2020-09-28
2020-10-05,201.59265283894152,1.6095012670272653,2020-2022,5.311197326788513,2020-10-05
2020-10-12,242.5889878830282,2.5320385378061436,2020-2022,5.495482329079237,2020-10-12
2020-10-19,286.37867718114103,3.627588963195727,2020-2022,5.660800778760127,2020-10-19
2020-10-26,322.3663113323196,4.924888292058694,2020-2022,5.778785771439601,2020-10-26
2020-11-02,333.26584074207665,6.01834340242704,2020-2022,5.811936606757601,2020-11-02
2020-11-09,357.66099487290336,6.613712199175642,2020-2022,5.8823776383772,2020-11-09
2020-11-16,334.7110094452955,7.202495720143212,2020-2022,5.816250698936151,2020-11-16
2020-11-23,249.3918770955498,6.951057917594783,2020-2022,5.523027198985506,2020-11-23
2020-11-30,217.429941761602,6.694830823569242,2020-2022,5.386465330451986,2020-11-30
2020-12-07,251.1606223041911,7.191121152885069,2020-2022,5.530066274560628,2020-12-07
2020-12-14,378.48363689252113,8.298644806967435,2020-2022,5.938811478363333,2020-12-14
2020-12-21,521.0123525899673,10.024585723032008,2020-2022,6.257691251568106,2020-12-21
2020-12-28,655.3073782461045,12.427612721673423,2020-2022,6.4866292436016195,2020-12-28
2021-01-04,868.2710063745815,16.531736186841886,2020-2022,6.767654936686952,2021-01-04
2021-01-11,738.9439726337969,19.9509909707832,2020-2022,6.606574470674836,2021-01-11
2021-01-18,583.6607750713644,19.044916889456896,2020-2022,6.371031807368374,2021-01-18
2021-01-25,421.6794540474719,15.778919432783198,2020-2022,6.046614099926949,2021-01-25
2021-02-01,314.21373991540406,11.988793890082947,2020-2022,5.75325094813583,2021-02-01
2021-02-08,229.62467518520083,9.153832666349413,2020-2022,5.440791606382747,2021-02-08
2021-02-15,178.4735455560481,6.619998144239352,2020-2022,5.190027818549215,2021-02-15
2021-02-22,150.22510710116674,4.487865444772138,2020-2022,5.018769502216677,2021-02-22
2021-03-01,101.85356251304344,3.084603041978049,2020-2022,4.633306253447977,2021-03-01
2021-03-08,84.64384225147275,2.116567502166597,2020-2022,4.450197327865384,2021-03-08
2021-03-15,82.37072478414802,1.5616083522561357,2020-2022,4.423297225969332,2021-03-15
2021-03-22,80.6226333950018,1.0416708962720629,2020-2022,4.402106593546891,2021-03-22
2021-03-29,68.7035835620543,0.7728719121190996,2020-2022,4.244251730534551,2021-03-29
2021-04-05,45.94157782492313,0.6414657272158134,2020-2022,3.8489038035120444,2021-04-05
2021-04-12,40.1635969885037,0.5202367867013924,2020-2022,3.7175542975387774,2021-04-12
2021-04-19,35.27672369754459,0.392422570405941,2020-2022,3.5911763151477287,2021-04-19
2021-04-26,32.91620166076255,0.2687989841529634,2020-2022,3.523892825312821,2021-04-26
2021-05-03,29.972284055924693,0.2388659124210075,2020-2022,3.4330927418605905,2021-05-03
2021-05-10,32.60280239972898,0.1948642969750324,2020-2022,3.514609468245014,2021-05-10
2021-05-17,33.25624135563756,0.1652305559603961,2020-2022,3.533868777468162,2021-05-17
2021-05-24,40.5509309367152,0.1724144931760656,2020-2022,3.726919926266233,2021-05-24
2021-05-31,57.88337679238691,0.1754078003492611,2020-2022,4.075558823190328,2021-05-31
2021-06-07,91.10100448549026,0.2047422106465779,2020-2022,4.522885849667478,2021-06-07
2021-06-14,123.13837116020258,0.2478458339405942,2020-2022,4.82139683990863,2021-06-14
2021-06-21,180.60597758623263,0.3080113081218255,2020-2022,5.201839381849214,2021-06-21
2021-06-28,305.79566215222616,0.4418121387636681,2020-2022,5.726181930384755,2021-06-28
2021-07-05,428.6987593686155,0.6273971835017943,2020-2022,6.063084403573187,2021-07-05
2021-07-12,557.8171595994282,0.9111627035207356,2020-2022,6.325822334855902,2021-07-12
2021-07-19,660.4537712689797,1.1266808199908176,2020-2022,6.494440096409982,2021-07-19
2021-07-26,434.2645147264554,1.329028384898839,2020-2022,6.075953926113989,2021-07-26
2021-08-02,392.67939616140114,1.3637507481079076,2020-2022,5.975536862725519,2021-08-02
2021-08-09,419.7831939532525,1.4325968130914062,2020-2022,6.042117722301924,2021-08-09
2021-08-16,458.7737138605808,1.710675049481276,2020-2022,6.130734442057617,2021-08-16
2021-08-23,506.0374354639045,1.8639323767488896,2020-2022,6.228584838072263,2021-08-23
2021-08-30,516.49156076629,2.155779826135459,2020-2022,6.248993217308562,2021-08-30
2021-09-06,552.6174857088703,2.241089080571533,2020-2022,6.316473989261424,2021-09-06
2021-09-13,453.23699358232096,2.2497696713738,2020-2022,6.118619074136188,2021-09-13
2021-09-20,473.2688038467805,1.968698127810735,2020-2022,6.161774257679662,2021-09-20
2021-09-27,506.9081885205871,1.814243477673843,2020-2022,6.230300699985933,2021-09-27
2021-10-04,504.1633258427667,1.8642317074662091,2020-2022,6.22488179449762,2021-10-04
2021-10-11,589.5593861868635,2.1222547857956684,2020-2022,6.381070199906425,2021-10-11
2021-10-18,682.1950592600512,2.3820738484290453,2020-2022,6.526780410685991,2021-10-18
2021-10-25,632.1026623780577,2.635008304564072,2020-2022,6.450632592845389,2021-10-25
2021-11-01,570.1627557045562,2.4530152284337805,2020-2022,6.347674205301061,2021-11-01
2021-11-08,522.9367497716147,2.232109159051946,2020-2022,6.261370970492701,2021-11-08
2021-11-15,598.1163534028777,2.0204823419070186,2020-2022,6.395455825333721,2021-11-15
2021-11-22,629.2045423729697,1.9636095056163028,2020-2022,6.446044437124824,2021-11-22
2021-11-29,661.475087676474,2.007311790344958,2020-2022,6.495982953646139,2021-11-29
2021-12-06,732.9127580105251,1.8525578094907469,2020-2022,6.598390163254021,2021-12-06
2021-12-13,992.7803122201076,1.799276941807865,2020-2022,6.90151616836634,2021-12-13
2021-12-20,1635.4005580126225,1.893566117763526,2020-2022,7.400254327055321,2021-12-20
2021-12-27,2267.808537722346,2.5089900725725376,2020-2022,7.727010099431197,2021-12-27
2022-01-03,2947.9241464891784,3.2552215508501967,2020-2022,7.989195686710705,2022-01-03
2022-01-10,2061.7166448713742,3.5198299049606865,2020-2022,7.631779152630164,2022-01-10
2022-01-17,1501.2085021232433,3.238459030680301,2020-2022,7.3146916390170444,2022-01-17
2022-01-24,1525.125026437076,2.9115898873673443,2020-2022,7.3304871393120274,2022-01-24
2022-01-31,1359.016832813499,2.453613889868419,2020-2022,7.215252355722251,2022-01-31
2022-02-07,1026.343666891715,2.0417348228367076,2020-2022,6.9347317857840585,2022-02-07
2022-02-14,743.2474503567001,1.8375912736247688,2020-2022,6.6123735741012375,2022-02-14
2022-02-21,595.0254644158359,1.7007971358097305,2020-2022,6.3902833916825665,2022-02-21
2022-02-28,522.4230982606944,1.6349443779994275,2020-2022,6.260390120304361,2022-02-28
2022-03-07,755.5622153979441,1.8016715875464215,2020-2022,6.628784770954455,2022-03-07
2022-03-14,1114.851868703783,2.312629122010907,2020-2022,7.017373399994906,2022-03-14
2022-03-21,1260.5888110294604,2.5293445613502676,2020-2022,7.140127166736212,2022-03-21
2022-03-28,1145.1573078480849,2.8355598851681765,2020-2022,7.044170154737594,2022-03-28
2022-04-04,770.3695073223081,2.9499042191842473,2020-2022,6.648167515983642,2022-04-04
2022-04-11,520.896810933082,2.5838227519024275,2020-2022,6.257469888136508,2022-04-11
2022-04-18,360.1511271102848,2.1243501008169057,2020-2022,5.889296505384371,2022-04-18
2022-04-25,244.61605550071627,1.660986150406229,2020-2022,5.5037695666962145,2022-04-25
2022-05-02,165.48378974724852,1.3571654723268776,2020-2022,5.114897945805431,2022-05-02
2022-05-09,141.3478560176206,1.0377795969469088,2020-2022,4.958273752266194,2022-05-09
2022-05-16,116.066682963528,0.8141795511091986,2020-2022,4.7627437123029335,2022-05-16
2022-05-23,96.2147704601776,0.6115326554838577,2020-2022,4.576922659388571,2022-05-23
2022-05-30,89.82316165325305,0.5411899369137615,2020-2022,4.50891433736571,2022-05-30
2022-06-06,127.0883393059515,0.572021000797676,2020-2022,4.852720176702799,2022-06-06
2022-06-13,181.53749477853108,0.7246796666306506,2020-2022,5.206955602761679,2022-06-13
2022-06-20,240.49217620820468,0.9590556182918648,2020-2022,5.486837075914448,2022-06-20
2022-06-27,306.812787929678,1.2458144454840017,2020-2022,5.729491766772031,2022-06-27
2022-07-04,385.7813197807719,1.694810521463339,2020-2022,5.9578594681543295,2022-07-04
2022-07-11,382.0956606584162,2.071069233134024,2020-2022,5.948284724726285,2022-07-11
2022-07-18,279.7754415570716,1.984562655828672,2020-2022,5.637555209484571,2022-07-18
2022-07-25,186.7216034717885,1.5253893354604693,2020-2022,5.234960032716864,2022-07-25
2022-08-01,133.7415631598133,1.3203477940965718,2020-2022,4.903358596770053,2022-08-01
2022-08-08,104.63195023120356,1.2817341315623487,2020-2022,4.659960884518024,2022-08-08
2022-08-15,84.06284132915549,0.9779134534829972,2020-2022,4.4433902930902525,2022-08-15
2022-08-22,66.11287620365353,0.8132815589572399,2020-2022,4.2063759213005465,2022-08-22
2022-08-29,59.79340609960302,0.7255776587826094,2020-2022,4.107481330781583,2022-08-29
2022-09-05,62.51192767429924,0.6462550186929265,2020-2022,4.151227725649951,2022-09-05
2022-09-12,62.76246748469571,0.6453570265409677,2020-2022,4.1551647333049155,2022-09-12
2022-09-19,75.99108920591627,0.7737699042710583,2020-2022,4.343689690558586,2022-09-19
2022-09-26,105.23809493377568,1.098543732562779,2020-2022,4.665682753844605,2022-09-26
2022-10-03,129.75358001296482,1.4574412626289297,2020-2022,4.87331448316648,2022-10-03
2022-10-10,134.29322967183325,1.6367403623033447,2020-2022,4.9074444945443405,2022-10-10
2022-10-17,119.27371226888977,1.5975280383344828,2020-2022,4.789770080971476,2022-10-17
2022-10-24,92.37645267198889,1.384404567602957,2020-2022,4.536639200729438,2022-10-24
2022-10-31,67.54756833176617,1.1278781428600957,2020-2022,4.227527932465449,2022-10-31
2022-11-07,52.82378967753442,0.8806309703541405,2020-2022,3.985715556746505,2022-11-07
2022-11-14,47.283477430666714,0.8477045914489892,2020-2022,3.8770894199542574,2022-11-14
2022-11-21,46.6650601686845,0.7782598650308516,2020-2022,3.8641986382689764,2022-11-21
2022-11-28,51.64412732057803,0.8462079378623913,2020-2022,3.9635546904893646,2022-11-28
2022-12-05,59.66289790685168,1.0383782583815475,2020-2022,4.105332274064476,2022-12-05
2022-12-12,75.7130109695264,1.3682407088677009,2020-2022,4.340071328530919,2022-12-12
2022-12-19,96.88287662123484,1.8654290303354877,2020-2022,4.583771627407376,2022-12-19
2022-12-26,89.4780333361836,2.0423334842713463,2020-2022,4.50510709567623,2022-12-26
2023-01-02,82.23482863848494,1.8417819036672425,2023-2026,4.421665873676329,2023-01-02
2023-01-09,54.78051457665237,1.5607103601041772,2023-2026,4.021424607267089,2023-01-09
2023-01-16,33.128427139342115,1.2033094836246243,2023-2026,3.5301306774541805,2023-01-16
2023-01-23,31.5410763453965,1.0623247157671123,2023-2026,3.4825031788528285,2023-01-23
2023-01-30,40.062722536767005,1.0042545566071182,2023-2026,3.7151007156947897,2023-01-30
2023-02-06,47.142193332091885,0.9979686115434072,2023-2026,3.8741589928478137,2023-02-06
2023-02-13,53.549068005599715,1.082379873827523,2023-2026,3.9991006269928837,2023-02-13
2023-02-20,60.18942063861679,1.160205860330608,2023-2026,4.113974309193259,2023-02-20
2023-02-27,56.44060273490664,1.3407022828743018,2023-2026,4.050751417980643,2023-02-27
2023-03-06,59.44348849105644,1.4305014980701691,2023-2026,4.101708853989342,2023-03-06
2023-03-13,67.1623296985759,1.513416106767687,2023-2026,4.221892061786941,2023-03-13
2023-03-20,67.7789509762542,1.5400565406091276,2023-2026,4.2308977530159595,2023-03-20
2023-03-27,59.64523739452983,1.295802675276368,2023-2026,4.105041106247862,2023-03-27
2023-04-03,43.10541927832031,1.2179766887732828,2023-2026,3.7865826610326305,2023-04-03
2023-04-10,32.20918250645376,1.1111156226902004,2023-2026,3.5028264192005167,2023-04-10
2023-04-17,29.194024190893845,0.9776141227656776,2023-2026,3.407644030327374,2023-04-17
2023-04-24,24.849538159717778,0.7785591957481712,2023-2026,3.2522927346330484,2023-04-24
2023-05-01,23.6959175751682,0.69803923278921,2023-2026,3.206637949616065,2023-05-01
2023-05-08,20.728352843662098,0.5995594267910753,2023-2026,3.07861799036732,2023-05-08
2023-05-15,17.10555317194348,0.5477752126947918,2023-2026,2.896218696296476,2023-05-15
2023-05-22,14.912357006143074,0.4636632811279959,2023-2026,2.767095977583483,2023-05-22
2023-05-29,12.179467557015508,0.3885312710807866,2023-2026,2.5786601304598284,2023-05-29
2023-06-05,10.70885574282452,0.3681767823030567,2023-2026,2.4603454565946494,2023-06-05
2023-06-12,8.843127381771712,0.3098072924257428,2023-2026,2.2867734839198035,2023-06-12
2023-06-19,6.520321015371939,0.2188107543605971,2023-2026,2.017608825264986,2023-06-19
2023-06-26,5.1266371955320755,0.1879796904766826,2023-2026,1.8126460179429775,2023-06-26
2023-07-03,4.674348481662222,0.1403861064228728,2023-2026,1.7359557517834276,2023-07-03
2023-07-10,6.062943679307653,0.1355968149457599,2023-2026,1.9548619163482208,2023-07-10
2023-07-17,6.999549493800552,0.1487673665078204,2023-2026,2.079385226819253,2023-07-17
2023-07-24,8.693761353829252,0.2071368563851343,2023-2026,2.27148251919456,2023-07-24
2023-07-31,11.90797459640667,0.2529344561350267,2023-2026,2.5578453061374744,2023-07-31
2023-08-07,14.74652778874804,0.382245326017076,2023-2026,2.7566198831099693,2023-08-07
2023-08-14,17.444096213231898,0.4765345019727368,2023-2026,2.914744330836595,2023-08-14
2023-08-21,18.411233760891395,0.4229543035725359,2023-2026,2.9658519583185896,2023-08-21
2023-08-28,19.650163599877043,0.5007802900756211,2023-2026,3.0277232418878643,2023-08-28
2023-09-04,27.091824563158585,0.6405677350638548,2023-2026,3.335478593195349,2023-09-04
2023-09-11,27.51687418175236,0.5798035994479845,2023-2026,3.3504959886191514,2023-09-11
2023-09-18,26.58505765873657,0.5857902137943756,2023-2026,3.3172742369428576,2023-09-18
2023-09-25,32.78659146016318,0.6708001375131303,2023-2026,3.520064021419739,2023-09-25
2023-10-02,37.041577606860706,0.7797565186174494,2023-2026,3.638679709132187,2023-10-02
2023-10-09,31.64733875004494,0.7471294704296175,2023-2026,3.48576334397916,2023-10-09
2023-10-16,22.343541394318432,0.3684761130203763,2023-2026,3.1503203460390656,2023-10-16
2023-10-23,17.135785574392752,0.0,2023-2026,2.8978870899324636,2023-10-23
2023-10-30,20.499065514195312,0.0,2023-2026,3.0680094697329783,2023-10-30
2023-11-06,10.250281083890956,0.0,2023-2026,2.420393113573055,2023-11-06
2023-11-13,10.989927286387584,0.0,2023-2026,2.4840669044995645,2023-11-13
2023-11-20,9.956936980917789,0.0,2023-2026,2.393972769916143,2023-11-20
2023-11-27,11.354512100082806,0.0,2023-2026,2.5140213485825362,2023-11-27
2023-12-04,15.89925038114566,0.0,2023-2026,2.8272692648000377,2023-12-04
2023-12-11,19.962066207324025,0.0,2023-2026,3.0427144331879945,2023-12-11
2023-12-18,22.58749592893387,0.0,2023-2026,3.1607167381004353,2023-12-18
2023-12-25,21.37849916168017,0.0,2023-2026,3.108100639047927,2023-12-25
2024-01-01,18.64620837398725,0.0,2023-2026,2.977884361629661,2024-01-01
2024-01-08,14.23347493926232,0.0,2023-2026,2.723495304982869,2024-01-08
2024-01-15,13.806030674929987,0.0,2023-2026,2.6950345758092498,2024-01-15
2024-01-22,13.919177686076782,0.0,2023-2026,2.702647478382524,2024-01-22
2024-01-29,10.874684960219554,0.0,2023-2026,2.4744088199030654,2024-01-29
2024-02-05,8.571933751880191,0.0,2023-2026,2.258835248990019,2024-02-05
2024-02-12,6.0449838362684805,0.0,2023-2026,1.9523158509929341,2024-02-12
2024-02-19,4.171772207282684,0.0,2023-2026,1.6432154164908463,2024-02-19
2024-02-26,3.304311788490604,0.0,2023-2026,1.459617261799522,2024-02-26
2024-03-04,3.3944103344037915,0.0,2023-2026,1.4803333547647424,2024-03-04
2024-03-11,3.6395621918885097,0.0,2023-2026,1.5346200065899904,2024-03-11
2024-03-18,3.168116312110205,0.0,2023-2026,1.427464210038238,2024-03-18
2024-03-25,3.065445876069597,0.0,2023-2026,1.4025234235946245,2024-03-25
2024-04-01,3.314788363596789,0.0,2023-2026,1.462048276657428,2024-04-01
2024-04-08,3.1262100116854667,0.0,2023-2026,1.4173593129381765,2024-04-08
2024-04-15,3.4384119498497663,0.0,2023-2026,1.4902966435125822,2024-04-15
2024-04-22,4.322634888811742,0.0,2023-2026,1.671968460594801,2024-04-22
2024-04-29,6.011458795928689,0.0,2023-2026,1.9475457815258816,2024-04-29
2024-05-06,6.210513722946196,0.0,2023-2026,1.975540200207442,2024-05-06
2024-05-13,5.475058150492041,0.0,2023-2026,1.867957588316246,2024-05-13
2024-05-20,4.835987069014784,0.0,2023-2026,1.7640434149306659,2024-05-20
2024-05-27,5.09580613164816,0.0,2023-2026,1.8076010153274784,2024-05-27
2024-06-03,6.088985451714455,0.0,2023-2026,1.9585422346369554,2024-06-03
2024-06-10,8.134012912441678,0.0,2023-2026,2.2120051284296074,2024-06-10
2024-06-17,10.254471713933428,0.0,2023-2026,2.4207655353568938,2024-06-17
2024-06-24,10.292187384315692,0.0,2023-2026,2.424111104684631,2024-06-24
2024-07-01,10.155991907935292,0.0,2023-2026,2.4119767444095914,2024-07-01
2024-07-08,11.243460403957249,0.0,2023-2026,2.504991949870069,2024-07-08
2024-07-15,10.908210000559343,0.0,2023-2026,2.4772280782482277,2024-07-15
2024-07-22,8.936518565575414,0.0,2023-2026,2.296216714406478,2024-07-22
2024-07-29,7.45513084556092,0.0,2023-2026,2.1347734577554496,2024-07-29
2024-08-05,5.554680121299044,0.0,2023-2026,1.8801793168333412,2024-08-05
2024-08-12,4.754269783186545,0.0,2023-2026,1.749942150228798,2024-08-12
2024-08-19,4.333111463917926,0.0,2023-2026,1.6739348321909573,2024-08-19
2024-08-26,4.77731824842015,0.0,2023-2026,1.7539396041549358,2024-08-26
2024-09-02,4.955420025225288,0.0,2023-2026,1.784301733523153,2024-09-02
2024-09-09,5.227810977986087,0.0,2023-2026,1.829024903155693,2024-09-09
2024-09-16,7.344079149435364,0.0,2023-2026,2.1215522034439136,2024-09-16
2024-09-23,7.5137996661555535,0.0,2023-2026,2.141688337196728,2024-09-23
2024-09-30,8.226206773376102,0.0,2023-2026,2.222047996913109,2024-09-30
2024-10-07,8.500693041158138,0.0,2023-2026,2.2513647476465057,2024-10-07
2024-10-14,8.190586418015075,0.0,2023-2026,2.2181797447795732,2024-10-14
2024-10-21,6.294326323795672,0.0,2023-2026,1.987096830047065,2024-10-21
2024-10-28,4.502831980638115,0.0,2023-2026,1.7052628652906061,2024-10-28
2024-11-04,3.6626106571221153,0.0,2023-2026,1.5395755181193171,2024-11-04
2024-11-11,2.9124878795193028,0.0,2023-2026,1.3641734579750329,2024-11-11
2024-11-18,2.973252015135173,0.0,2023-2026,1.3795849067701929,2024-11-18
2024-11-25,2.94810823488033,0.0,2023-2026,1.373236536312046,2024-11-25
2024-12-02,2.977442645177647,0.0,2023-2026,1.3806390613087791,2024-12-02
2024-12-09,2.927155084667961,0.0,2023-2026,1.367915266710145,2024-12-09
2024-12-16,3.157639737004021,0.0,2023-2026,1.424947542344894,2024-12-16
2024-12-23,2.510187395441816,0.0,2023-2026,1.255669425067394,2024-12-23
2024-12-30,2.5458077508028434,0.0,2023-2026,1.2657659903906466,2024-12-30
2025-01-06,2.1916995122138063,0.0,2023-2026,1.1605535373786942,2025-01-06
2025-01-13,2.08064781608825,0.0,2023-2026,1.1251399047680335,2025-01-13
2025-01-20,2.011502420387432,0.0,2023-2026,1.1024390972162192,2025-01-20
2025-01-27,2.0429321457059855,0.0,2023-2026,1.1128215721798522,2025-01-27
2025-02-03,1.9758820650264044,0.0,2023-2026,1.090540487498244,2025-02-03
2025-02-10,2.070171240982065,0.0,2023-2026,1.1217333388650448,2025-02-10
2025-02-17,2.3593247139127587,0.0,2023-2026,1.2117399757741727,2025-02-17
2025-02-24,2.1078869113643295,0.0,2023-2026,1.13394304553849,2025-02-24
2025-03-03,2.197985457277517,0.0,2023-2026,1.162521066958495,2025-03-03
2025-03-10,2.2000807722987537,0.0,2023-2026,1.163176050830484,2025-03-10
2025-03-17,2.621239091567372,0.0,2023-2026,1.2868162577578792,2025-03-17
2025-03-24,2.5458077508028434,0.0,2023-2026,1.2657659903906466,2025-03-24
2025-03-31,2.746957992841587,0.0,2023-2026,1.3209443088710957,2025-03-31
2025-04-07,2.8014361833937467,0.0,2023-2026,1.3353789383282295,2025-04-07
2025-04-14,2.631715666673557,0.0,2023-2026,1.289705172067068,2025-04-14
2025-04-21,2.8622003190096166,0.0,2023-2026,1.3512370519023866,2025-04-21
2025-04-28,2.925059769646724,0.0,2023-2026,1.367381579053899,2025-04-28
2025-05-05,2.453613889868419,0.0,2023-2026,1.239421187103145,2025-05-05
2025-05-12,2.5751421611001604,0.0,2023-2026,1.274004940698053,2025-05-12
2025-05-19,2.7029563773956116,0.0,2023-2026,1.3091315215206372,2025-05-19
2025-05-26,2.9145831945405396,0.0,2023-2026,1.364708860056211,2025-05-26
2025-06-02,3.03611146577228,0.0,2023-2026,1.3952817199921266,2025-06-02
2025-06-09,3.5578449060602706,0.0,2023-2026,1.516849903491667,2025-06-09
2025-06-16,3.471936990189557,0.0,2023-2026,1.4978216459032572,2025-06-16
2025-06-23,2.7322907876929285,0.0,2023-2026,1.31702219733794,2025-06-23
2025-06-30,2.4808529851444994,0.0,2023-2026,1.2472773744253762,2025-06-30
2025-07-07,2.7679111430539556,0.0,2023-2026,1.326520774444007,2025-07-07
2025-07-14,3.071731821133308,0.0,2023-2026,1.404068417829236,2025-07-14
2025-07-21,2.6882891722469533,0.0,2023-2026,1.3051627115811961,2025-07-21
2025-07-28,3.283358638278235,0.0,2023-2026,1.454737430424906,2025-07-28
2025-08-04,3.8155686536724103,0.0,2023-2026,1.5718541387279552,2025-08-04
2025-08-11,4.28282390340824,0.0,2023-2026,1.6644607849384325,2025-08-11
2025-08-18,3.832331173842306,0.0,2023-2026,1.575328995916845,2025-08-18
2025-08-25,4.314253628726794,0.0,2023-2026,1.670392574600388,2025-08-25
2025-09-01,4.7060775376980954,0.0,2023-2026,1.7415318414999095,2025-09-01
2025-09-08,5.049709201180948,0.0,2023-2026,1.8000102049670423,2025-09-08
2025-09-15,6.413759280006176,0.0,2023-2026,2.0033376358990567,2025-09-15
2025-09-22,7.180644577778885,0.0,2023-2026,2.1017709467496313,2025-09-22
2025-09-29,8.601268162177508,0.0,2023-2026,2.2618951899761477,2025-09-29
2025-10-06,7.2015977279912535,0.0,2023-2026,2.104328980167392,2025-10-06
2025-10-13,5.8501195392934475,0.0,2023-2026,1.9242661031136112,2025-10-13
2025-10-20,4.630646196933567,0.0,2023-2026,1.7282242129956473,2025-10-20
2025-10-27,3.830235858821069,0.0,2023-2026,1.574895298526287,2025-10-27
2025-11-03,2.899915989391881,0.0,2023-2026,1.360955011722017,2025-11-03
2025-11-10,1.9884539551538256,0.0,2023-2026,1.0947561818199358,2025-11-10
2025-11-17,1.596630046182524,0.0,2023-2026,0.9542144682328891,2025-11-17
2025-11-24,1.8920694641769285,0.0,2023-2026,1.0619723234329972,2025-11-24
2025-12-01,2.1770323070651476,0.0,2023-2026,1.155947524283565,2025-12-01
2025-12-08,2.1078869113643295,0.0,2023-2026,1.13394304553849,2025-12-08
2025-12-15,1.6804426470320004,0.0,2023-2026,0.9859819476872159,2025-12-15
2025-12-22,1.5337705955454168,0.0,2023-2026,0.9297085472346744,2025-12-22
2025-12-29,1.7097770573293172,0.0,2023-2026,0.996866364839373,2025-12-29
2026-01-05,1.6867285920957111,0.0,2023-2026,0.9883243167519374,2026-01-05
2026-01-12,1.829210013539821,0.0,2023-2026,1.039997525527252,2026-01-12
2026-01-19,2.005216475323721,0.0,2023-2026,1.10034960376981,2026-01-19
2026-01-26,1.8522584787734269,0.0,2023-2026,1.0481111291513054,2026-01-26
2026-02-02,2.2755121130632823,0.0,2023-2026,1.1864742272636406,2026-02-02
2026-02-09,2.1204588014917514,0.0,2023-2026,1.1379800427705176,2026-02-09
2026-02-16,1.8836882040919805,0.0,2023-2026,1.059070101266072,2026-02-16
2026-02-23,1.5987253612037609,0.0,2023-2026,0.9550210791268666,2026-02-23
2026-03-02,1.2529983826996711,0.0,2023-2026,0.8122619436068276,2026-03-02
2026-03-09,1.164995151807721,0.0,2023-2026,0.7724181221021634,2026-03-09
2026-03-16,1.1524232616802996,0.0,2023-2026,0.7665943058969271,2026-03-16
2026-03-23,1.003655895172479,0.0,2023-2026,0.694973459483172,2026-03-23
2026-03-30,0.9303198694291872,0.0,2023-2026,0.6576857246397283,2026-03-30
2026-04-06,0.7019305321143643,0.0,2023-2026,0.5317632138742402,2026-04-06
2026-04-13,0.5091615501605686,0.0,2023-2026,0.41155423181592166,2026-04-13
2026-04-20,0.3666801287164589,0.0,2023-2026,0.31238453527397453,2026-04-20
