location,lag_weeks,param,coef,std_err_HAC,p_value_HAC,conf_low_95,conf_high_95
Europe,1,const,1.9489684035769625,0.38675625546591547,4.6731584004536203e-07,1.1909400720681957,2.7069967350857294
Europe,1,cases_lag_1w,0.0017315609639243755,0.00045439245362644475,0.0001385644236891368,0.0008409681199697571,0.002622153807878994
Europe,1,later_period,-1.9503004183963828,0.386913621374581,4.639265345053137e-07,-2.7086371814185286,-1.1919636553742372
Europe,1,interaction,0.005804515913729908,0.0005612982475579665,4.585989752305198e-25,0.004704391563930847,0.0069046402635289696
Europe,2,const,1.9963562941796689,0.3869440837310923,2.478896238286389e-07,1.237959826035877,2.7547527623234607
Europe,2,cases_lag_2w,0.0016215087913138005,0.00044165048705548744,0.0002411545225780109,0.0007558897429304718,0.002487127839697129
Europe,2,later_period,-1.9894975126286945,0.38722484079093944,2.7792107602600055e-07,-2.7484442544981924,-1.2305507707591967
Europe,2,interaction,0.0048582133447602665,0.0006447594170224687,4.886185133268116e-14,0.0035945081087031864,0.006121918580817346
Europe,3,const,2.066667664381056,0.39125034294471545,1.2763265381357234e-07,1.2998310832704691,2.8335042454916435
Europe,3,cases_lag_3w,0.001435632027252227,0.00045006239233398267,0.0014234610336433422,0.0005535259474816853,0.002317738107022769
Europe,3,later_period,-2.0534015671773713,0.39148944631655863,1.5619699565950762e-07,-2.8207067822853533,-1.2860963520693893
Europe,3,interaction,0.004213913217148631,0.0006868349146897176,8.501813031077757e-10,0.002867741521032144,0.005560084913265118
Europe,4,const,2.157147361909245,0.39899762941220085,6.429818627719406e-08,1.375126378344472,2.939168345474018
Europe,4,cases_lag_4w,0.001183066854585052,0.00047348217953011685,0.012466691929765425,0.00025505883538449493,0.002111074873785609
Europe,4,later_period,-2.139513433895123,0.39913338804859516,8.303924099368434e-08,-2.9218004994978193,-1.3572263682924268
Europe,4,interaction,0.0038670143228257555,0.0007055755524301706,4.237603878637152e-08,0.0024841116516906687,0.005249916993960843
Poland,1,const,0.859487345292895,0.407305730945475,0.03484307905736244,0.06118278194300264,1.6577919086427875
Poland,1,cases_lag_1w,0.012959937203423644,0.0035823760461703344,0.0002972405223148865,0.005938609173850791,0.019981265232996495
Poland,1,later_period,-0.8611625424894045,0.4074042892468048,0.03453416598043858,-1.6596602765602806,-0.06266480841852828
Poland,1,interaction,-0.007614223682111216,0.003665684651679768,0.037786538834118054,-0.014798833578084813,-0.00042961378613761824
Poland,2,const,0.802361204559225,0.39447921402087627,0.04195402790092855,0.0291961524286396,1.5755262566898103
Poland,2,cases_lag_2w,0.013378229377263318,0.003757278879181358,0.00036998503727383476,0.006014098094194835,0.0207423606603318
Poland,2,later_period,-0.8077855815581545,0.39457029787368386,0.040633161597316475,-1.5811291547598159,-0.034442008356493026
Poland,2,interaction,-0.007711930165500641,0.0038573757022917843,0.04557929839206501,-0.015272247616832435,-0.00015161271416884534
Poland,3,const,0.8650527342502041,0.40143539968106023,0.031169740047287394,0.07825380875588417,1.651851659744524
Poland,3,cases_lag_3w,0.013011728460685712,0.003771341496456252,0.0005602561104802086,0.005620034954230066,0.020403421967141358
Poland,3,later_period,-0.8688011439297174,0.40153149248653447,0.030485955461329206,-1.6557884078619403,-0.08181387999749457
Poland,3,interaction,-0.007547977647501939,0.0038871575616014455,0.052164585368719804,-0.015166666470473308,7.071117546943086e-05
Poland,4,const,1.0427575325221239,0.437607141182877,0.01717862156246109,0.18506329642615027,1.9004517686180975
Poland,4,cases_lag_4w,0.011904930939744172,0.003666874515333159,0.0011678612815741029,0.004717988953863415,0.01909187292562493
Poland,4,later_period,-1.0411028771251285,0.43771864614939193,0.017384413529577352,-1.8990156589395686,-0.1831900953106883
Poland,4,interaction,-0.006990809184308275,0.0037973609054287325,0.06562666223041368,-0.014433499795249001,0.00045188142663245105
United Kingdom,1,const,2.5187271737752455,0.7367357885970456,0.0006290582725047148,1.074751562003321,3.9627027855471697
United Kingdom,1,cases_lag_1w,0.0011753277669970309,0.0010830561978085519,0.2778350544179331,-0.0009474233739406195,0.0032980789079346813
United Kingdom,1,later_period,-2.611891607444803,0.7369398326612869,0.00039374669553752443,-4.056267138233899,-1.1675160766557062
United Kingdom,1,interaction,0.023285018391249197,0.0013848571269682777,1.9264513900557806e-63,0.02057074829865776,0.025999288483840633
United Kingdom,2,const,2.497035462429607,0.7354037365620445,0.0006851287673044956,1.055670624671818,3.938400300187396
United Kingdom,2,cases_lag_2w,0.001294086161013095,0.0011425061481589922,0.2573514918278993,-0.0009451847414941126,0.0035333570635203027
United Kingdom,2,later_period,-2.583578790976838,0.7356689402720085,0.0004449539697526512,-4.025463418454723,-1.1416941634989533
United Kingdom,2,interaction,0.021531259433258593,0.0014360815723929415,8.150775792661349e-51,0.01871659127250678,0.024345927594010407
United Kingdom,3,const,2.549507062656972,0.75283577232498,0.0007078043494949931,1.073976062626615,4.0250380626873286
United Kingdom,3,cases_lag_3w,0.001185251874681565,0.001123605488879158,0.29148716491014603,-0.0010169744163531051,0.003387478165716235
United Kingdom,3,later_period,-2.6297646930770733,0.7530202532335716,0.00047889896820820904,-4.105657269044105,-1.153872117110042
United Kingdom,3,interaction,0.020376349302877055,0.0017532944290497908,3.1952381539942232e-31,0.016939955367644748,0.023812743238109363
United Kingdom,4,const,2.661719302491883,0.783846978621979,0.0006845011505843,1.1254074550022661,4.1980311499814995
United Kingdom,4,cases_lag_4w,0.0008962731949930989,0.001040703637964675,0.3891177292330622,-0.0011434684539974754,0.002936014843983673
United Kingdom,4,later_period,-2.7332652478102535,0.7840262810303167,0.000489951322235404,-4.269928521562553,-1.1966019740579539
United Kingdom,4,interaction,0.019444361818328898,0.0021907163404971297,6.943202318163735e-19,0.015150636690611138,0.023738086946046656
World,1,const,0.673194451636226,0.09955645944793841,1.361594338169178e-11,0.47806737668994437,0.8683215265825077
World,1,cases_lag_1w,0.001192009802392542,0.0006275518860719396,0.057504000795897146,-3.79692927386429e-05,0.0024219888975237267
World,1,later_period,-0.6405428785745576,0.09986884406504662,1.4189827968448587e-10,-0.8362822161196957,-0.44480354102941955
World,1,interaction,-0.0002531125677115427,0.000580623605334755,0.6628858693292559,-0.001391113922741461,0.0008848887873183755
World,2,const,0.6493255781409155,0.095693697422241,1.157187006465004e-11,0.46176937764584974,0.8368817786359812
World,2,cases_lag_2w,0.0016272957979446678,0.0005587118248163214,0.0035845038794813998,0.0005322407435680257,0.00272235085232131
World,2,later_period,-0.616432175017343,0.09609373478137885,1.4091074922064737e-10,-0.8047724343287895,-0.42809191570589655
World,2,interaction,-0.0009438030407283192,0.000568844709093518,0.09708403245080582,-0.002058718183347779,0.00017111210189114045
World,3,const,0.6705677446336609,0.09562175999514987,2.3374437162223983e-12,0.48315253890483423,0.8579829503624875
World,3,cases_lag_3w,0.0014217978009945945,0.0006128890323206578,0.020350125204529643,0.0002205573711265001,0.0026230382308626886
World,3,later_period,-0.6364911762570037,0.09614234277639748,3.5847000063215505e-11,-0.8249267054880474,-0.44805564702596
World,3,interaction,-0.0008696295219870345,0.000630898671408419,0.16808041360333248,-0.0021061681958417055,0.00036690915186763653
World,4,const,0.7033183339676989,0.09669278744029008,3.4966499595118244e-13,0.5138039530199435,0.8928327149154544
World,4,cases_lag_4w,0.0010484615673977402,0.0006622908252821696,0.1134024718136512,-0.00024960459744662175,0.002346527732242102
World,4,later_period,-0.6706775134233045,0.09721012515782056,5.22756907749575e-12,-0.8612058576652638,-0.4801491691813452
World,4,interaction,-0.000410525342182029,0.0006932112585572598,0.5537112268794181,-0.0017691944426319415,0.0009481437582678836
