theme,sub_theme,topic,geography_type,geography,metric,sex,age,stratum,year,date,metric_value,in_reporting_delay_period
infectious_disease,respiratory,COVID-19,Nation,England,COVID-19_deaths_ONSRegByWeek,all,all,default,2026,2026-05-08,11.0000,False
infectious_disease,respiratory,COVID-19,Nation,England,COVID-19_deaths_ONSRegByWeek,all,all,default,2026,2026-05-01,19.0000,False
infectious_disease,respiratory,COVID-19,Nation,England,COVID-19_deaths_ONSRegByWeek,all,all,default,2026,2026-04-24,17.0000,False
infectious_disease,respiratory,COVID-19,Nation,England,COVID-19_deaths_ONSRegByWeek,all,all,default,2026,2026-04-17,22.0000,False
infectious_disease,respiratory,COVID-19,Nation,England,COVID-19_deaths_ONSRegByWeek,all,all,default,2026,2026-04-10,25.0000,False
infectious_disease,respiratory,COVID-19,Nation,England,COVID-19_deaths_ONSRegByWeek,all,all,default,2026,2026-04-03,17.0000,False
infectious_disease,respiratory,COVID-19,Nation,England,COVID-19_deaths_ONSRegByWeek,all,all,default,2026,2026-03-27,27.0000,False
infectious_disease,respiratory,COVID-19,Nation,England,COVID-19_deaths_ONSRegByWeek,all,all,default,2026,2026-03-20,30.0000,False
infectious_disease,respiratory,COVID-19,Nation,England,COVID-19_deaths_ONSRegByWeek,all,all,default,2026,2026-03-13,27.0000,False
infectious_disease,respiratory,COVID-19,Nation,England,COVID-19_deaths_ONSRegByWeek,all,all,default,2026,2026-03-06,30.0000,False
infectious_disease,respiratory,COVID-19,Nation,England,COVID-19_deaths_ONSRegByWeek,all,all,default,2026,2026-02-27,36.0000,False
infectious_disease,respiratory,COVID-19,Nation,England,COVID-19_deaths_ONSRegByWeek,all,all,default,2026,2026-02-20,45.0000,False
infectious_disease,respiratory,COVID-19,Nation,England,COVID-19_deaths_ONSRegByWeek,all,all,default,2026,2026-02-13,43.0000,False
infectious_disease,respiratory,COVID-19,Nation,England,COVID-19_deaths_ONSRegByWeek,all,all,default,2026,2026-02-06,46.0000,False
infectious_disease,respiratory,COVID-19,Nation,England,COVID-19_deaths_ONSRegByWeek,all,all,default,2026,2026-01-30,43.0000,False
infectious_disease,respiratory,COVID-19,Nation,England,COVID-19_deaths_ONSRegByWeek,all,all,default,2026,2026-01-23,56.0000,False
infectious_disease,respiratory,COVID-19,Nation,England,COVID-19_deaths_ONSRegByWeek,all,all,default,2026,2026-01-16,61.0000,False
infectious_disease,respiratory,COVID-19,Nation,England,COVID-19_deaths_ONSRegByWeek,all,all,default,2026,2026-01-09,53.0000,False
infectious_disease,respiratory,COVID-19,Nation,England,COVID-19_deaths_ONSRegByWeek,all,all,default,2026,2026-01-02,41.0000,False
infectious_disease,respiratory,COVID-19,Nation,England,COVID-19_deaths_ONSRegByWeek,all,all,default,2025,2025-12-26,25.0000,False
infectious_disease,respiratory,COVID-19,Nation,England,COVID-19_deaths_ONSRegByWeek,all,all,default,2025,2025-12-19,62.0000,False
infectious_disease,respiratory,COVID-19,Nation,England,COVID-19_deaths_ONSRegByWeek,all,all,default,2025,2025-12-12,47.0000,False
infectious_disease,respiratory,COVID-19,Nation,England,COVID-19_deaths_ONSRegByWeek,all,all,default,2025,2025-12-05,60.0000,False
infectious_disease,respiratory,COVID-19,Nation,England,COVID-19_deaths_ONSRegByWeek,all,all,default,2025,2025-11-28,83.0000,False
infectious_disease,respiratory,COVID-19,Nation,England,COVID-19_deaths_ONSRegByWeek,all,all,default,2025,2025-11-21,105.0000,False
infectious_disease,respiratory,COVID-19,Nation,England,COVID-19_deaths_ONSRegByWeek,all,all,default,2025,2025-11-14,125.0000,False
infectious_disease,respiratory,COVID-19,Nation,England,COVID-19_deaths_ONSRegByWeek,all,all,default,2025,2025-11-07,145.0000,False
infectious_disease,respiratory,COVID-19,Nation,England,COVID-19_deaths_ONSRegByWeek,all,all,default,2025,2025-10-31,129.0000,False
infectious_disease,respiratory,COVID-19,Nation,England,COVID-19_deaths_ONSRegByWeek,all,all,default,2025,2025-10-24,150.0000,False
infectious_disease,respiratory,COVID-19,Nation,England,COVID-19_deaths_ONSRegByWeek,all,all,default,2025,2025-10-17,159.0000,False
infectious_disease,respiratory,COVID-19,Nation,England,COVID-19_deaths_ONSRegByWeek,all,all,default,2025,2025-10-10,148.0000,False
infectious_disease,respiratory,COVID-19,Nation,England,COVID-19_deaths_ONSRegByWeek,all,all,default,2025,2025-10-03,102.0000,False
infectious_disease,respiratory,COVID-19,Nation,England,COVID-19_deaths_ONSRegByWeek,all,all,default,2025,2025-09-26,91.0000,False
infectious_disease,respiratory,COVID-19,Nation,England,COVID-19_deaths_ONSRegByWeek,all,all,default,2025,2025-09-19,88.0000,False
infectious_disease,respiratory,COVID-19,Nation,England,COVID-19_deaths_ONSRegByWeek,all,all,default,2025,2025-09-12,81.0000,False
infectious_disease,respiratory,COVID-19,Nation,England,COVID-19_deaths_ONSRegByWeek,all,all,default,2025,2025-09-05,84.0000,False
infectious_disease,respiratory,COVID-19,Nation,England,COVID-19_deaths_ONSRegByWeek,all,all,default,2025,2025-08-29,60.0000,False
infectious_disease,respiratory,COVID-19,Nation,England,COVID-19_deaths_ONSRegByWeek,all,all,default,2025,2025-08-22,56.0000,False
infectious_disease,respiratory,COVID-19,Nation,England,COVID-19_deaths_ONSRegByWeek,all,all,default,2025,2025-08-15,47.0000,False
infectious_disease,respiratory,COVID-19,Nation,England,COVID-19_deaths_ONSRegByWeek,all,all,default,2025,2025-08-08,46.0000,False
infectious_disease,respiratory,COVID-19,Nation,England,COVID-19_deaths_ONSRegByWeek,all,all,default,2025,2025-08-01,43.0000,False
infectious_disease,respiratory,COVID-19,Nation,England,COVID-19_deaths_ONSRegByWeek,all,all,default,2025,2025-07-25,49.0000,False
infectious_disease,respiratory,COVID-19,Nation,England,COVID-19_deaths_ONSRegByWeek,all,all,default,2025,2025-07-18,67.0000,False
infectious_disease,respiratory,COVID-19,Nation,England,COVID-19_deaths_ONSRegByWeek,all,all,default,2025,2025-07-11,58.0000,False
infectious_disease,respiratory,COVID-19,Nation,England,COVID-19_deaths_ONSRegByWeek,all,all,default,2025,2025-07-04,52.0000,False
infectious_disease,respiratory,COVID-19,Nation,England,COVID-19_deaths_ONSRegByWeek,all,all,default,2025,2025-06-27,64.0000,False
infectious_disease,respiratory,COVID-19,Nation,England,COVID-19_deaths_ONSRegByWeek,all,all,default,2025,2025-06-20,63.0000,False
infectious_disease,respiratory,COVID-19,Nation,England,COVID-19_deaths_ONSRegByWeek,all,all,default,2025,2025-06-13,67.0000,False
infectious_disease,respiratory,COVID-19,Nation,England,COVID-19_deaths_ONSRegByWeek,all,all,default,2025,2025-06-06,74.0000,False
infectious_disease,respiratory,COVID-19,Nation,England,COVID-19_deaths_ONSRegByWeek,all,all,default,2025,2025-05-30,70.0000,False
infectious_disease,respiratory,COVID-19,Nation,England,COVID-19_deaths_ONSRegByWeek,all,all,default,2025,2025-05-23,76.0000,False
infectious_disease,respiratory,COVID-19,Nation,England,COVID-19_deaths_ONSRegByWeek,all,all,default,2025,2025-05-16,76.0000,False
infectious_disease,respiratory,COVID-19,Nation,England,COVID-19_deaths_ONSRegByWeek,all,all,default,2025,2025-05-09,79.0000,False
infectious_disease,respiratory,COVID-19,Nation,England,COVID-19_deaths_ONSRegByWeek,all,all,default,2025,2025-05-02,104.0000,False
infectious_disease,respiratory,COVID-19,Nation,England,COVID-19_deaths_ONSRegByWeek,all,all,default,2025,2025-04-25,66.0000,False
infectious_disease,respiratory,COVID-19,Nation,England,COVID-19_deaths_ONSRegByWeek,all,all,default,2025,2025-04-18,55.0000,False
infectious_disease,respiratory,COVID-19,Nation,England,COVID-19_deaths_ONSRegByWeek,all,all,default,2025,2025-04-11,79.0000,False
infectious_disease,respiratory,COVID-19,Nation,England,COVID-19_deaths_ONSRegByWeek,all,all,default,2025,2025-04-04,92.0000,False
infectious_disease,respiratory,COVID-19,Nation,England,COVID-19_deaths_ONSRegByWeek,all,all,default,2025,2025-03-28,86.0000,False
infectious_disease,respiratory,COVID-19,Nation,England,COVID-19_deaths_ONSRegByWeek,all,all,default,2025,2025-03-21,70.0000,False
infectious_disease,respiratory,COVID-19,Nation,England,COVID-19_deaths_ONSRegByWeek,all,all,default,2025,2025-03-14,65.0000,False
infectious_disease,respiratory,COVID-19,Nation,England,COVID-19_deaths_ONSRegByWeek,all,all,default,2025,2025-03-07,89.0000,False
infectious_disease,respiratory,COVID-19,Nation,England,COVID-19_deaths_ONSRegByWeek,all,all,default,2025,2025-02-28,75.0000,False
infectious_disease,respiratory,COVID-19,Nation,England,COVID-19_deaths_ONSRegByWeek,all,all,default,2025,2025-02-21,71.0000,False
infectious_disease,respiratory,COVID-19,Nation,England,COVID-19_deaths_ONSRegByWeek,all,all,default,2025,2025-02-14,90.0000,False
infectious_disease,respiratory,COVID-19,Nation,England,COVID-19_deaths_ONSRegByWeek,all,all,default,2025,2025-02-07,98.0000,False
infectious_disease,respiratory,COVID-19,Nation,England,COVID-19_deaths_ONSRegByWeek,all,all,default,2025,2025-01-31,111.0000,False
infectious_disease,respiratory,COVID-19,Nation,England,COVID-19_deaths_ONSRegByWeek,all,all,default,2025,2025-01-24,84.0000,False
infectious_disease,respiratory,COVID-19,Nation,England,COVID-19_deaths_ONSRegByWeek,all,all,default,2025,2025-01-17,122.0000,False
infectious_disease,respiratory,COVID-19,Nation,England,COVID-19_deaths_ONSRegByWeek,all,all,default,2025,2025-01-10,133.0000,False
infectious_disease,respiratory,COVID-19,Nation,England,COVID-19_deaths_ONSRegByWeek,all,all,default,2025,2025-01-03,91.0000,False
infectious_disease,respiratory,COVID-19,Nation,England,COVID-19_deaths_ONSRegByWeek,all,all,default,2024,2024-12-27,53.0000,False
infectious_disease,respiratory,COVID-19,Nation,England,COVID-19_deaths_ONSRegByWeek,all,all,default,2024,2024-12-20,115.0000,False
infectious_disease,respiratory,COVID-19,Nation,England,COVID-19_deaths_ONSRegByWeek,all,all,default,2024,2024-12-13,113.0000,False
infectious_disease,respiratory,COVID-19,Nation,England,COVID-19_deaths_ONSRegByWeek,all,all,default,2024,2024-12-06,110.0000,False
infectious_disease,respiratory,COVID-19,Nation,England,COVID-19_deaths_ONSRegByWeek,all,all,default,2024,2024-11-29,104.0000,False
infectious_disease,respiratory,COVID-19,Nation,England,COVID-19_deaths_ONSRegByWeek,all,all,default,2024,2024-11-22,126.0000,False
infectious_disease,respiratory,COVID-19,Nation,England,COVID-19_deaths_ONSRegByWeek,all,all,default,2024,2024-11-15,167.0000,False
infectious_disease,respiratory,COVID-19,Nation,England,COVID-19_deaths_ONSRegByWeek,all,all,default,2024,2024-11-08,214.0000,False
infectious_disease,respiratory,COVID-19,Nation,England,COVID-19_deaths_ONSRegByWeek,all,all,default,2024,2024-11-01,256.0000,False
infectious_disease,respiratory,COVID-19,Nation,England,COVID-19_deaths_ONSRegByWeek,all,all,default,2024,2024-10-25,273.0000,False
infectious_disease,respiratory,COVID-19,Nation,England,COVID-19_deaths_ONSRegByWeek,all,all,default,2024,2024-10-18,244.0000,False
infectious_disease,respiratory,COVID-19,Nation,England,COVID-19_deaths_ONSRegByWeek,all,all,default,2024,2024-10-11,205.0000,False
infectious_disease,respiratory,COVID-19,Nation,England,COVID-19_deaths_ONSRegByWeek,all,all,default,2024,2024-10-04,167.0000,False
infectious_disease,respiratory,COVID-19,Nation,England,COVID-19_deaths_ONSRegByWeek,all,all,default,2024,2024-09-27,132.0000,False
infectious_disease,respiratory,COVID-19,Nation,England,COVID-19_deaths_ONSRegByWeek,all,all,default,2024,2024-09-20,138.0000,False
infectious_disease,respiratory,COVID-19,Nation,England,COVID-19_deaths_ONSRegByWeek,all,all,default,2024,2024-09-13,97.0000,False
infectious_disease,respiratory,COVID-19,Nation,England,COVID-19_deaths_ONSRegByWeek,all,all,default,2024,2024-09-06,106.0000,False
infectious_disease,respiratory,COVID-19,Nation,England,COVID-19_deaths_ONSRegByWeek,all,all,default,2024,2024-08-30,104.0000,False
infectious_disease,respiratory,COVID-19,Nation,England,COVID-19_deaths_ONSRegByWeek,all,all,default,2024,2024-08-23,141.0000,False
infectious_disease,respiratory,COVID-19,Nation,England,COVID-19_deaths_ONSRegByWeek,all,all,default,2024,2024-08-16,173.0000,False
infectious_disease,respiratory,COVID-19,Nation,England,COVID-19_deaths_ONSRegByWeek,all,all,default,2024,2024-08-09,208.0000,False
infectious_disease,respiratory,COVID-19,Nation,England,COVID-19_deaths_ONSRegByWeek,all,all,default,2024,2024-08-02,203.0000,False
infectious_disease,respiratory,COVID-19,Nation,England,COVID-19_deaths_ONSRegByWeek,all,all,default,2024,2024-07-26,182.0000,False
infectious_disease,respiratory,COVID-19,Nation,England,COVID-19_deaths_ONSRegByWeek,all,all,default,2024,2024-07-19,217.0000,False
infectious_disease,respiratory,COVID-19,Nation,England,COVID-19_deaths_ONSRegByWeek,all,all,default,2024,2024-07-12,204.0000,False
infectious_disease,respiratory,COVID-19,Nation,England,COVID-19_deaths_ONSRegByWeek,all,all,default,2024,2024-07-05,166.0000,False
infectious_disease,respiratory,COVID-19,Nation,England,COVID-19_deaths_ONSRegByWeek,all,all,default,2024,2024-06-28,186.0000,False
infectious_disease,respiratory,COVID-19,Nation,England,COVID-19_deaths_ONSRegByWeek,all,all,default,2024,2024-06-21,149.0000,False
infectious_disease,respiratory,COVID-19,Nation,England,COVID-19_deaths_ONSRegByWeek,all,all,default,2024,2024-06-14,158.0000,False
infectious_disease,respiratory,COVID-19,Nation,England,COVID-19_deaths_ONSRegByWeek,all,all,default,2024,2024-06-07,146.0000,False
infectious_disease,respiratory,COVID-19,Nation,England,COVID-19_deaths_ONSRegByWeek,all,all,default,2024,2024-05-31,112.0000,False
infectious_disease,respiratory,COVID-19,Nation,England,COVID-19_deaths_ONSRegByWeek,all,all,default,2024,2024-05-24,147.0000,False
infectious_disease,respiratory,COVID-19,Nation,England,COVID-19_deaths_ONSRegByWeek,all,all,default,2024,2024-05-17,168.0000,False
infectious_disease,respiratory,COVID-19,Nation,England,COVID-19_deaths_ONSRegByWeek,all,all,default,2024,2024-05-10,93.0000,False
infectious_disease,respiratory,COVID-19,Nation,England,COVID-19_deaths_ONSRegByWeek,all,all,default,2024,2024-05-03,103.0000,False
infectious_disease,respiratory,COVID-19,Nation,England,COVID-19_deaths_ONSRegByWeek,all,all,default,2024,2024-04-26,118.0000,False
infectious_disease,respiratory,COVID-19,Nation,England,COVID-19_deaths_ONSRegByWeek,all,all,default,2024,2024-04-19,116.0000,False
infectious_disease,respiratory,COVID-19,Nation,England,COVID-19_deaths_ONSRegByWeek,all,all,default,2024,2024-04-12,108.0000,False
infectious_disease,respiratory,COVID-19,Nation,England,COVID-19_deaths_ONSRegByWeek,all,all,default,2024,2024-04-05,107.0000,False
infectious_disease,respiratory,COVID-19,Nation,England,COVID-19_deaths_ONSRegByWeek,all,all,default,2024,2024-03-29,110.0000,False
infectious_disease,respiratory,COVID-19,Nation,England,COVID-19_deaths_ONSRegByWeek,all,all,default,2024,2024-03-22,138.0000,False
infectious_disease,respiratory,COVID-19,Nation,England,COVID-19_deaths_ONSRegByWeek,all,all,default,2024,2024-03-15,122.0000,False
infectious_disease,respiratory,COVID-19,Nation,England,COVID-19_deaths_ONSRegByWeek,all,all,default,2024,2024-03-08,168.0000,False
infectious_disease,respiratory,COVID-19,Nation,England,COVID-19_deaths_ONSRegByWeek,all,all,default,2024,2024-03-01,196.0000,False
infectious_disease,respiratory,COVID-19,Nation,England,COVID-19_deaths_ONSRegByWeek,all,all,default,2024,2024-02-23,226.0000,False
infectious_disease,respiratory,COVID-19,Nation,England,COVID-19_deaths_ONSRegByWeek,all,all,default,2024,2024-02-16,255.0000,False
infectious_disease,respiratory,COVID-19,Nation,England,COVID-19_deaths_ONSRegByWeek,all,all,default,2024,2024-02-09,316.0000,False
infectious_disease,respiratory,COVID-19,Nation,England,COVID-19_deaths_ONSRegByWeek,all,all,default,2024,2024-02-02,331.0000,False
infectious_disease,respiratory,COVID-19,Nation,England,COVID-19_deaths_ONSRegByWeek,all,all,default,2024,2024-01-26,341.0000,False
infectious_disease,respiratory,COVID-19,Nation,England,COVID-19_deaths_ONSRegByWeek,all,all,default,2024,2024-01-19,374.0000,False
infectious_disease,respiratory,COVID-19,Nation,England,COVID-19_deaths_ONSRegByWeek,all,all,default,2024,2024-01-12,376.0000,False
infectious_disease,respiratory,COVID-19,Nation,England,COVID-19_deaths_ONSRegByWeek,all,all,default,2024,2024-01-05,292.0000,False
infectious_disease,respiratory,COVID-19,Nation,England,COVID-19_deaths_ONSRegByWeek,all,all,default,2023,2023-12-29,161.0000,False
infectious_disease,respiratory,COVID-19,Nation,England,COVID-19_deaths_ONSRegByWeek,all,all,default,2023,2023-12-22,249.0000,False
infectious_disease,respiratory,COVID-19,Nation,England,COVID-19_deaths_ONSRegByWeek,all,all,default,2023,2023-12-15,221.0000,False
infectious_disease,respiratory,COVID-19,Nation,England,COVID-19_deaths_ONSRegByWeek,all,all,default,2023,2023-12-08,167.0000,False
infectious_disease,respiratory,COVID-19,Nation,England,COVID-19_deaths_ONSRegByWeek,all,all,default,2023,2023-12-01,163.0000,False
infectious_disease,respiratory,COVID-19,Nation,England,COVID-19_deaths_ONSRegByWeek,all,all,default,2023,2023-11-24,162.0000,False
infectious_disease,respiratory,COVID-19,Nation,England,COVID-19_deaths_ONSRegByWeek,all,all,default,2023,2023-11-17,239.0000,False
infectious_disease,respiratory,COVID-19,Nation,England,COVID-19_deaths_ONSRegByWeek,all,all,default,2023,2023-11-10,291.0000,False
infectious_disease,respiratory,COVID-19,Nation,England,COVID-19_deaths_ONSRegByWeek,all,all,default,2023,2023-11-03,309.0000,False
infectious_disease,respiratory,COVID-19,Nation,England,COVID-19_deaths_ONSRegByWeek,all,all,default,2023,2023-10-27,297.0000,False
infectious_disease,respiratory,COVID-19,Nation,England,COVID-19_deaths_ONSRegByWeek,all,all,default,2023,2023-10-20,287.0000,False
infectious_disease,respiratory,COVID-19,Nation,England,COVID-19_deaths_ONSRegByWeek,all,all,default,2023,2023-10-13,318.0000,False
infectious_disease,respiratory,COVID-19,Nation,England,COVID-19_deaths_ONSRegByWeek,all,all,default,2023,2023-10-06,233.0000,False
infectious_disease,respiratory,COVID-19,Nation,England,COVID-19_deaths_ONSRegByWeek,all,all,default,2023,2023-09-29,203.0000,False
infectious_disease,respiratory,COVID-19,Nation,England,COVID-19_deaths_ONSRegByWeek,all,all,default,2023,2023-09-22,241.0000,False
infectious_disease,respiratory,COVID-19,Nation,England,COVID-19_deaths_ONSRegByWeek,all,all,default,2023,2023-09-15,229.0000,False
infectious_disease,respiratory,COVID-19,Nation,England,COVID-19_deaths_ONSRegByWeek,all,all,default,2023,2023-09-08,197.0000,False
infectious_disease,respiratory,COVID-19,Nation,England,COVID-19_deaths_ONSRegByWeek,all,all,default,2023,2023-09-01,136.0000,False
infectious_disease,respiratory,COVID-19,Nation,England,COVID-19_deaths_ONSRegByWeek,all,all,default,2023,2023-08-25,178.0000,False
infectious_disease,respiratory,COVID-19,Nation,England,COVID-19_deaths_ONSRegByWeek,all,all,default,2023,2023-08-18,115.0000,False
infectious_disease,respiratory,COVID-19,Nation,England,COVID-19_deaths_ONSRegByWeek,all,all,default,2023,2023-08-11,101.0000,False
infectious_disease,respiratory,COVID-19,Nation,England,COVID-19_deaths_ONSRegByWeek,all,all,default,2023,2023-08-04,65.0000,False
infectious_disease,respiratory,COVID-19,Nation,England,COVID-19_deaths_ONSRegByWeek,all,all,default,2023,2023-07-28,55.0000,False
infectious_disease,respiratory,COVID-19,Nation,England,COVID-19_deaths_ONSRegByWeek,all,all,default,2023,2023-07-21,61.0000,False
infectious_disease,respiratory,COVID-19,Nation,England,COVID-19_deaths_ONSRegByWeek,all,all,default,2023,2023-07-14,73.0000,False
infectious_disease,respiratory,COVID-19,Nation,England,COVID-19_deaths_ONSRegByWeek,all,all,default,2023,2023-07-07,91.0000,False
infectious_disease,respiratory,COVID-19,Nation,England,COVID-19_deaths_ONSRegByWeek,all,all,default,2023,2023-06-30,122.0000,False
infectious_disease,respiratory,COVID-19,Nation,England,COVID-19_deaths_ONSRegByWeek,all,all,default,2023,2023-06-23,141.0000,False
infectious_disease,respiratory,COVID-19,Nation,England,COVID-19_deaths_ONSRegByWeek,all,all,default,2023,2023-06-16,148.0000,False
infectious_disease,respiratory,COVID-19,Nation,England,COVID-19_deaths_ONSRegByWeek,all,all,default,2023,2023-06-09,195.0000,False
infectious_disease,respiratory,COVID-19,Nation,England,COVID-19_deaths_ONSRegByWeek,all,all,default,2023,2023-06-02,175.0000,False
infectious_disease,respiratory,COVID-19,Nation,England,COVID-19_deaths_ONSRegByWeek,all,all,default,2023,2023-05-26,251.0000,False
infectious_disease,respiratory,COVID-19,Nation,England,COVID-19_deaths_ONSRegByWeek,all,all,default,2023,2023-05-19,304.0000,False
infectious_disease,respiratory,COVID-19,Nation,England,COVID-19_deaths_ONSRegByWeek,all,all,default,2023,2023-05-12,283.0000,False
infectious_disease,respiratory,COVID-19,Nation,England,COVID-19_deaths_ONSRegByWeek,all,all,default,2023,2023-05-05,286.0000,False
infectious_disease,respiratory,COVID-19,Nation,England,COVID-19_deaths_ONSRegByWeek,all,all,default,2023,2023-04-28,436.0000,False
infectious_disease,respiratory,COVID-19,Nation,England,COVID-19_deaths_ONSRegByWeek,all,all,default,2023,2023-04-21,508.0000,False
infectious_disease,respiratory,COVID-19,Nation,England,COVID-19_deaths_ONSRegByWeek,all,all,default,2023,2023-04-14,439.0000,False
infectious_disease,respiratory,COVID-19,Nation,England,COVID-19_deaths_ONSRegByWeek,all,all,default,2023,2023-04-07,484.0000,False
infectious_disease,respiratory,COVID-19,Nation,England,COVID-19_deaths_ONSRegByWeek,all,all,default,2023,2023-03-31,599.0000,False
infectious_disease,respiratory,COVID-19,Nation,England,COVID-19_deaths_ONSRegByWeek,all,all,default,2023,2023-03-24,584.0000,False
infectious_disease,respiratory,COVID-19,Nation,England,COVID-19_deaths_ONSRegByWeek,all,all,default,2023,2023-03-17,512.0000,False
infectious_disease,respiratory,COVID-19,Nation,England,COVID-19_deaths_ONSRegByWeek,all,all,default,2023,2023-03-10,521.0000,False
infectious_disease,respiratory,COVID-19,Nation,England,COVID-19_deaths_ONSRegByWeek,all,all,default,2023,2023-03-03,499.0000,False
infectious_disease,respiratory,COVID-19,Nation,England,COVID-19_deaths_ONSRegByWeek,all,all,default,2023,2023-02-24,399.0000,False
infectious_disease,respiratory,COVID-19,Nation,England,COVID-19_deaths_ONSRegByWeek,all,all,default,2023,2023-02-17,401.0000,False
infectious_disease,respiratory,COVID-19,Nation,England,COVID-19_deaths_ONSRegByWeek,all,all,default,2023,2023-02-10,432.0000,False
infectious_disease,respiratory,COVID-19,Nation,England,COVID-19_deaths_ONSRegByWeek,all,all,default,2023,2023-02-03,469.0000,False
infectious_disease,respiratory,COVID-19,Nation,England,COVID-19_deaths_ONSRegByWeek,all,all,default,2023,2023-01-27,545.0000,False
infectious_disease,respiratory,COVID-19,Nation,England,COVID-19_deaths_ONSRegByWeek,all,all,default,2023,2023-01-20,711.0000,False
infectious_disease,respiratory,COVID-19,Nation,England,COVID-19_deaths_ONSRegByWeek,all,all,default,2023,2023-01-13,849.0000,False
infectious_disease,respiratory,COVID-19,Nation,England,COVID-19_deaths_ONSRegByWeek,all,all,default,2023,2023-01-06,679.0000,False
infectious_disease,respiratory,COVID-19,Nation,England,COVID-19_deaths_ONSRegByWeek,all,all,default,2022,2022-12-30,367.0000,False
infectious_disease,respiratory,COVID-19,Nation,England,COVID-19_deaths_ONSRegByWeek,all,all,default,2022,2022-12-23,397.0000,False
infectious_disease,respiratory,COVID-19,Nation,England,COVID-19_deaths_ONSRegByWeek,all,all,default,2022,2022-12-16,364.0000,False
infectious_disease,respiratory,COVID-19,Nation,England,COVID-19_deaths_ONSRegByWeek,all,all,default,2022,2022-12-09,295.0000,False
infectious_disease,respiratory,COVID-19,Nation,England,COVID-19_deaths_ONSRegByWeek,all,all,default,2022,2022-12-02,299.0000,False
infectious_disease,respiratory,COVID-19,Nation,England,COVID-19_deaths_ONSRegByWeek,all,all,default,2022,2022-11-25,333.0000,False
infectious_disease,respiratory,COVID-19,Nation,England,COVID-19_deaths_ONSRegByWeek,all,all,default,2022,2022-11-18,401.0000,False
infectious_disease,respiratory,COVID-19,Nation,England,COVID-19_deaths_ONSRegByWeek,all,all,default,2022,2022-11-11,478.0000,False
infectious_disease,respiratory,COVID-19,Nation,England,COVID-19_deaths_ONSRegByWeek,all,all,default,2022,2022-11-04,605.0000,False
infectious_disease,respiratory,COVID-19,Nation,England,COVID-19_deaths_ONSRegByWeek,all,all,default,2022,2022-10-28,620.0000,False
infectious_disease,respiratory,COVID-19,Nation,England,COVID-19_deaths_ONSRegByWeek,all,all,default,2022,2022-10-21,647.0000,False
infectious_disease,respiratory,COVID-19,Nation,England,COVID-19_deaths_ONSRegByWeek,all,all,default,2022,2022-10-14,523.0000,False
infectious_disease,respiratory,COVID-19,Nation,England,COVID-19_deaths_ONSRegByWeek,all,all,default,2022,2022-10-07,372.0000,False
infectious_disease,respiratory,COVID-19,Nation,England,COVID-19_deaths_ONSRegByWeek,all,all,default,2022,2022-09-30,274.0000,False
infectious_disease,respiratory,COVID-19,Nation,England,COVID-19_deaths_ONSRegByWeek,all,all,default,2022,2022-09-23,217.0000,False
infectious_disease,respiratory,COVID-19,Nation,England,COVID-19_deaths_ONSRegByWeek,all,all,default,2022,2022-09-16,280.0000,False
infectious_disease,respiratory,COVID-19,Nation,England,COVID-19_deaths_ONSRegByWeek,all,all,default,2022,2022-09-09,339.0000,False
infectious_disease,respiratory,COVID-19,Nation,England,COVID-19_deaths_ONSRegByWeek,all,all,default,2022,2022-09-02,297.0000,False
infectious_disease,respiratory,COVID-19,Nation,England,COVID-19_deaths_ONSRegByWeek,all,all,default,2022,2022-08-26,419.0000,False
infectious_disease,respiratory,COVID-19,Nation,England,COVID-19_deaths_ONSRegByWeek,all,all,default,2022,2022-08-19,520.0000,False
infectious_disease,respiratory,COVID-19,Nation,England,COVID-19_deaths_ONSRegByWeek,all,all,default,2022,2022-08-12,561.0000,False
infectious_disease,respiratory,COVID-19,Nation,England,COVID-19_deaths_ONSRegByWeek,all,all,default,2022,2022-08-05,682.0000,False
infectious_disease,respiratory,COVID-19,Nation,England,COVID-19_deaths_ONSRegByWeek,all,all,default,2022,2022-07-29,745.0000,False
infectious_disease,respiratory,COVID-19,Nation,England,COVID-19_deaths_ONSRegByWeek,all,all,default,2022,2022-07-22,697.0000,False
infectious_disease,respiratory,COVID-19,Nation,England,COVID-19_deaths_ONSRegByWeek,all,all,default,2022,2022-07-15,542.0000,False
infectious_disease,respiratory,COVID-19,Nation,England,COVID-19_deaths_ONSRegByWeek,all,all,default,2022,2022-07-08,399.0000,False
infectious_disease,respiratory,COVID-19,Nation,England,COVID-19_deaths_ONSRegByWeek,all,all,default,2022,2022-07-01,309.0000,False
infectious_disease,respiratory,COVID-19,Nation,England,COVID-19_deaths_ONSRegByWeek,all,all,default,2022,2022-06-24,270.0000,False
infectious_disease,respiratory,COVID-19,Nation,England,COVID-19_deaths_ONSRegByWeek,all,all,default,2022,2022-06-17,246.0000,False
infectious_disease,respiratory,COVID-19,Nation,England,COVID-19_deaths_ONSRegByWeek,all,all,default,2022,2022-06-10,271.0000,False
infectious_disease,respiratory,COVID-19,Nation,England,COVID-19_deaths_ONSRegByWeek,all,all,default,2022,2022-06-03,174.0000,False
infectious_disease,respiratory,COVID-19,Nation,England,COVID-19_deaths_ONSRegByWeek,all,all,default,2022,2022-05-27,377.0000,False
infectious_disease,respiratory,COVID-19,Nation,England,COVID-19_deaths_ONSRegByWeek,all,all,default,2022,2022-05-20,528.0000,False
infectious_disease,respiratory,COVID-19,Nation,England,COVID-19_deaths_ONSRegByWeek,all,all,default,2022,2022-05-13,674.0000,False
infectious_disease,respiratory,COVID-19,Nation,England,COVID-19_deaths_ONSRegByWeek,all,all,default,2022,2022-05-06,690.0000,False
infectious_disease,respiratory,COVID-19,Nation,England,COVID-19_deaths_ONSRegByWeek,all,all,default,2022,2022-04-29,1056.0000,False
infectious_disease,respiratory,COVID-19,Nation,England,COVID-19_deaths_ONSRegByWeek,all,all,default,2022,2022-04-22,970.0000,False
infectious_disease,respiratory,COVID-19,Nation,England,COVID-19_deaths_ONSRegByWeek,all,all,default,2022,2022-04-15,951.0000,False
infectious_disease,respiratory,COVID-19,Nation,England,COVID-19_deaths_ONSRegByWeek,all,all,default,2022,2022-04-08,903.0000,False
infectious_disease,respiratory,COVID-19,Nation,England,COVID-19_deaths_ONSRegByWeek,all,all,default,2022,2022-04-01,789.0000,False
infectious_disease,respiratory,COVID-19,Nation,England,COVID-19_deaths_ONSRegByWeek,all,all,default,2022,2022-03-25,734.0000,False
infectious_disease,respiratory,COVID-19,Nation,England,COVID-19_deaths_ONSRegByWeek,all,all,default,2022,2022-03-18,650.0000,False
infectious_disease,respiratory,COVID-19,Nation,England,COVID-19_deaths_ONSRegByWeek,all,all,default,2022,2022-03-11,628.0000,False
infectious_disease,respiratory,COVID-19,Nation,England,COVID-19_deaths_ONSRegByWeek,all,all,default,2022,2022-03-04,621.0000,False
infectious_disease,respiratory,COVID-19,Nation,England,COVID-19_deaths_ONSRegByWeek,all,all,default,2022,2022-02-25,722.0000,False
infectious_disease,respiratory,COVID-19,Nation,England,COVID-19_deaths_ONSRegByWeek,all,all,default,2022,2022-02-18,814.0000,False
infectious_disease,respiratory,COVID-19,Nation,England,COVID-19_deaths_ONSRegByWeek,all,all,default,2022,2022-02-11,1025.0000,False
infectious_disease,respiratory,COVID-19,Nation,England,COVID-19_deaths_ONSRegByWeek,all,all,default,2022,2022-02-04,1162.0000,False
infectious_disease,respiratory,COVID-19,Nation,England,COVID-19_deaths_ONSRegByWeek,all,all,default,2022,2022-01-28,1323.0000,False
infectious_disease,respiratory,COVID-19,Nation,England,COVID-19_deaths_ONSRegByWeek,all,all,default,2022,2022-01-21,1378.0000,False
infectious_disease,respiratory,COVID-19,Nation,England,COVID-19_deaths_ONSRegByWeek,all,all,default,2022,2022-01-14,1308.0000,False
infectious_disease,respiratory,COVID-19,Nation,England,COVID-19_deaths_ONSRegByWeek,all,all,default,2022,2022-01-07,857.0000,False
infectious_disease,respiratory,COVID-19,Nation,England,COVID-19_deaths_ONSRegByWeek,all,all,default,2021,2021-12-31,557.0000,False
infectious_disease,respiratory,COVID-19,Nation,England,COVID-19_deaths_ONSRegByWeek,all,all,default,2021,2021-12-24,797.0000,False
infectious_disease,respiratory,COVID-19,Nation,England,COVID-19_deaths_ONSRegByWeek,all,all,default,2021,2021-12-17,702.0000,False
infectious_disease,respiratory,COVID-19,Nation,England,COVID-19_deaths_ONSRegByWeek,all,all,default,2021,2021-12-10,708.0000,False
infectious_disease,respiratory,COVID-19,Nation,England,COVID-19_deaths_ONSRegByWeek,all,all,default,2021,2021-12-03,729.0000,False
infectious_disease,respiratory,COVID-19,Nation,England,COVID-19_deaths_ONSRegByWeek,all,all,default,2021,2021-11-26,738.0000,False
infectious_disease,respiratory,COVID-19,Nation,England,COVID-19_deaths_ONSRegByWeek,all,all,default,2021,2021-11-19,865.0000,False
infectious_disease,respiratory,COVID-19,Nation,England,COVID-19_deaths_ONSRegByWeek,all,all,default,2021,2021-11-12,943.0000,False
infectious_disease,respiratory,COVID-19,Nation,England,COVID-19_deaths_ONSRegByWeek,all,all,default,2021,2021-11-05,892.0000,False
infectious_disease,respiratory,COVID-19,Nation,England,COVID-19_deaths_ONSRegByWeek,all,all,default,2021,2021-10-29,777.0000,False
infectious_disease,respiratory,COVID-19,Nation,England,COVID-19_deaths_ONSRegByWeek,all,all,default,2021,2021-10-22,708.0000,False
infectious_disease,respiratory,COVID-19,Nation,England,COVID-19_deaths_ONSRegByWeek,all,all,default,2021,2021-10-15,640.0000,False
infectious_disease,respiratory,COVID-19,Nation,England,COVID-19_deaths_ONSRegByWeek,all,all,default,2021,2021-10-08,582.0000,False
infectious_disease,respiratory,COVID-19,Nation,England,COVID-19_deaths_ONSRegByWeek,all,all,default,2021,2021-10-01,715.0000,False
infectious_disease,respiratory,COVID-19,Nation,England,COVID-19_deaths_ONSRegByWeek,all,all,default,2021,2021-09-24,799.0000,False
infectious_disease,respiratory,COVID-19,Nation,England,COVID-19_deaths_ONSRegByWeek,all,all,default,2021,2021-09-17,783.0000,False
infectious_disease,respiratory,COVID-19,Nation,England,COVID-19_deaths_ONSRegByWeek,all,all,default,2021,2021-09-10,786.0000,False
infectious_disease,respiratory,COVID-19,Nation,England,COVID-19_deaths_ONSRegByWeek,all,all,default,2021,2021-09-03,632.0000,False
infectious_disease,respiratory,COVID-19,Nation,England,COVID-19_deaths_ONSRegByWeek,all,all,default,2021,2021-08-27,649.0000,False
infectious_disease,respiratory,COVID-19,Nation,England,COVID-19_deaths_ONSRegByWeek,all,all,default,2021,2021-08-20,551.0000,False
infectious_disease,respiratory,COVID-19,Nation,England,COVID-19_deaths_ONSRegByWeek,all,all,default,2021,2021-08-13,550.0000,False
infectious_disease,respiratory,COVID-19,Nation,England,COVID-19_deaths_ONSRegByWeek,all,all,default,2021,2021-08-06,502.0000,False
infectious_disease,respiratory,COVID-19,Nation,England,COVID-19_deaths_ONSRegByWeek,all,all,default,2021,2021-07-30,389.0000,False
infectious_disease,respiratory,COVID-19,Nation,England,COVID-19_deaths_ONSRegByWeek,all,all,default,2021,2021-07-23,308.0000,False
infectious_disease,respiratory,COVID-19,Nation,England,COVID-19_deaths_ONSRegByWeek,all,all,default,2021,2021-07-16,213.0000,False
infectious_disease,respiratory,COVID-19,Nation,England,COVID-19_deaths_ONSRegByWeek,all,all,default,2021,2021-07-09,176.0000,False
infectious_disease,respiratory,COVID-19,Nation,England,COVID-19_deaths_ONSRegByWeek,all,all,default,2021,2021-07-02,106.0000,False
infectious_disease,respiratory,COVID-19,Nation,England,COVID-19_deaths_ONSRegByWeek,all,all,default,2021,2021-06-25,97.0000,False
infectious_disease,respiratory,COVID-19,Nation,England,COVID-19_deaths_ONSRegByWeek,all,all,default,2021,2021-06-18,102.0000,False
infectious_disease,respiratory,COVID-19,Nation,England,COVID-19_deaths_ONSRegByWeek,all,all,default,2021,2021-06-11,83.0000,False
infectious_disease,respiratory,COVID-19,Nation,England,COVID-19_deaths_ONSRegByWeek,all,all,default,2021,2021-06-04,96.0000,False
infectious_disease,respiratory,COVID-19,Nation,England,COVID-19_deaths_ONSRegByWeek,all,all,default,2021,2021-05-28,92.0000,False
infectious_disease,respiratory,COVID-19,Nation,England,COVID-19_deaths_ONSRegByWeek,all,all,default,2021,2021-05-21,100.0000,False
infectious_disease,respiratory,COVID-19,Nation,England,COVID-19_deaths_ONSRegByWeek,all,all,default,2021,2021-05-14,145.0000,False
infectious_disease,respiratory,COVID-19,Nation,England,COVID-19_deaths_ONSRegByWeek,all,all,default,2021,2021-05-07,124.0000,False
infectious_disease,respiratory,COVID-19,Nation,England,COVID-19_deaths_ONSRegByWeek,all,all,default,2021,2021-04-30,198.0000,False
infectious_disease,respiratory,COVID-19,Nation,England,COVID-19_deaths_ONSRegByWeek,all,all,default,2021,2021-04-23,244.0000,False
infectious_disease,respiratory,COVID-19,Nation,England,COVID-19_deaths_ONSRegByWeek,all,all,default,2021,2021-04-16,346.0000,False
infectious_disease,respiratory,COVID-19,Nation,England,COVID-19_deaths_ONSRegByWeek,all,all,default,2021,2021-04-09,360.0000,False
infectious_disease,respiratory,COVID-19,Nation,England,COVID-19_deaths_ONSRegByWeek,all,all,default,2021,2021-04-02,385.0000,False
infectious_disease,respiratory,COVID-19,Nation,England,COVID-19_deaths_ONSRegByWeek,all,all,default,2021,2021-03-26,687.0000,False
infectious_disease,respiratory,COVID-19,Nation,England,COVID-19_deaths_ONSRegByWeek,all,all,default,2021,2021-03-19,912.0000,False
infectious_disease,respiratory,COVID-19,Nation,England,COVID-19_deaths_ONSRegByWeek,all,all,default,2021,2021-03-12,1428.0000,False
infectious_disease,respiratory,COVID-19,Nation,England,COVID-19_deaths_ONSRegByWeek,all,all,default,2021,2021-03-05,1994.0000,False
infectious_disease,respiratory,COVID-19,Nation,England,COVID-19_deaths_ONSRegByWeek,all,all,default,2021,2021-02-26,2772.0000,False
infectious_disease,respiratory,COVID-19,Nation,England,COVID-19_deaths_ONSRegByWeek,all,all,default,2021,2021-02-19,3891.0000,False
infectious_disease,respiratory,COVID-19,Nation,England,COVID-19_deaths_ONSRegByWeek,all,all,default,2021,2021-02-12,5464.0000,False
infectious_disease,respiratory,COVID-19,Nation,England,COVID-19_deaths_ONSRegByWeek,all,all,default,2021,2021-02-05,6990.0000,False
infectious_disease,respiratory,COVID-19,Nation,England,COVID-19_deaths_ONSRegByWeek,all,all,default,2021,2021-01-29,8063.0000,False
infectious_disease,respiratory,COVID-19,Nation,England,COVID-19_deaths_ONSRegByWeek,all,all,default,2021,2021-01-22,7956.0000,False
infectious_disease,respiratory,COVID-19,Nation,England,COVID-19_deaths_ONSRegByWeek,all,all,default,2021,2021-01-15,6767.0000,False
infectious_disease,respiratory,COVID-19,Nation,England,COVID-19_deaths_ONSRegByWeek,all,all,default,2021,2021-01-08,5597.0000,False
