dataset,column,dtype,missing_n,missing_pct,unique_n
covid_daily,human_development_index,float64,9248,100.0,0
covid_daily,weekly_icu_admissions,float64,9248,100.0,0
covid_daily,weekly_icu_admissions_per_million,float64,9248,100.0,0
covid_daily,excess_mortality,float64,8830,95.48010380622839,418
covid_daily,excess_mortality_cumulative,float64,8830,95.48010380622839,418
covid_daily,excess_mortality_cumulative_absolute,float64,8830,95.48010380622839,418
covid_daily,excess_mortality_cumulative_per_million,float64,8830,95.48010380622839,418
covid_daily,new_tests,float64,8472,91.60899653979239,776
covid_daily,new_tests_per_thousand,float64,8472,91.60899653979239,760
covid_daily,icu_patients,float64,8467,91.55493079584775,591
covid_daily,icu_patients_per_million,float64,8467,91.55493079584775,591
covid_daily,weekly_hosp_admissions,float64,8360,90.39792387543253,854
covid_daily,weekly_hosp_admissions_per_million,float64,8360,90.39792387543253,854
covid_daily,total_tests,float64,8351,90.30060553633218,897
covid_daily,total_tests_per_thousand,float64,8351,90.30060553633218,897
covid_weekly,human_development_index,float64,1324,100.0,0
covid_weekly,icu_patients,float64,1212,91.54078549848943,111
covid_weekly,icu_patients_per_million,float64,1212,91.54078549848943,112
covid_weekly,new_tests,float64,1212,91.54078549848943,112
covid_weekly,new_tests_smoothed,float64,1095,82.70392749244712,229
covid_weekly,new_tests_smoothed_per_thousand,float64,1095,82.70392749244712,229
covid_weekly,positive_rate,float64,1093,82.55287009063444,231
covid_weekly,tests_per_case,float64,1093,82.55287009063444,231
covid_weekly,total_tests,float64,1093,82.55287009063444,231
covid_weekly,total_tests_per_thousand,float64,1093,82.55287009063444,231
covid_weekly,hosp_patients,float64,1026,77.49244712990937,298
covid_weekly,hosp_patients_per_million,float64,1026,77.49244712990937,298
covid_weekly,stringency_index,float64,1010,76.28398791540786,149
covid_weekly,handwashing_facilities,float64,993,75.0,1
covid_weekly,excess_mortality,float64,906,68.42900302114803,418
eurostat_quarterly,government_debt_percent_gdp,float64,2,3.0303030303030303,56
eurostat_quarterly,government_deficit_surplus_percent_gdp,float64,2,3.0303030303030303,41
eurostat_quarterly,date,datetime64[ns],0,0.0,33
eurostat_quarterly,employment_growth_quarterly_percent,float64,0,0.0,20
eurostat_quarterly,gdp_growth_quarterly_percent,float64,0,0.0,34
eurostat_quarterly,iso_code,object,0,0.0,2
eurostat_quarterly,location,object,0,0.0,2
eurostat_quarterly,location_type,object,0,0.0,2
eurostat_quarterly,pandemic_period,object,0,0.0,2
eurostat_quarterly,quarter,int64,0,0.0,4
eurostat_quarterly,quarter_label,object,0,0.0,33
eurostat_quarterly,year,int64,0,0.0,9
mobility_daily,grocery_and_pharmacy_percent_change_from_baseline,float64,1,0.051334702258726904,167
mobility_daily,date,datetime64[ns],0,0.0,974
mobility_daily,iso_code,object,0,0.0,2
mobility_daily,iso_week,int64,0,0.0,53
mobility_daily,location,object,0,0.0,2
mobility_daily,location_type,object,0,0.0,2
mobility_daily,mobility_restriction_index,float64,0,0.0,301
mobility_daily,month,int64,0,0.0,12
mobility_daily,pandemic_period,object,0,0.0,1
mobility_daily,parks_percent_change_from_baseline,float64,0,0.0,275
mobility_daily,quarter,int64,0,0.0,4
mobility_daily,residential_percent_change_from_baseline,float64,0,0.0,43
mobility_daily,retail_and_recreation_percent_change_from_baseline,float64,0,0.0,133
mobility_daily,transit_stations_percent_change_from_baseline,float64,0,0.0,118
mobility_daily,week_start,datetime64[ns],0,0.0,140
mobility_weekly,grocery_and_pharmacy_percent_change_from_baseline,float64,0,0.0,199
mobility_weekly,iso_code,object,0,0.0,2
mobility_weekly,iso_week,int64,0,0.0,53
mobility_weekly,location,object,0,0.0,2
mobility_weekly,location_type,object,0,0.0,2
mobility_weekly,mobility_restriction_index,float64,0,0.0,257
mobility_weekly,month,int64,0,0.0,12
mobility_weekly,pandemic_period,object,0,0.0,1
mobility_weekly,parks_percent_change_from_baseline,float64,0,0.0,249
mobility_weekly,quarter,int64,0,0.0,4
mobility_weekly,residential_percent_change_from_baseline,float64,0,0.0,133
mobility_weekly,retail_and_recreation_percent_change_from_baseline,float64,0,0.0,223
mobility_weekly,transit_stations_percent_change_from_baseline,float64,0,0.0,219
mobility_weekly,week_start,datetime64[ns],0,0.0,140
mobility_weekly,workplaces_percent_change_from_baseline,float64,0,0.0,198
ons_monthly,unemployment_percent,float64,3,4.411764705882353,14
ons_monthly,house_price_annual_change_percent,float64,2,2.941176470588235,50
ons_monthly,house_price_average_value,float64,2,2.941176470588235,50
ons_monthly,production_monthly_change_percent,float64,1,1.4705882352941175,31
ons_monthly,cpih_12mo_change_percent,float64,0,0.0,29
ons_monthly,date,datetime64[ns],0,0.0,52
ons_monthly,iso_code,object,0,0.0,1
ons_monthly,location,object,0,0.0,1
ons_monthly,location_type,object,0,0.0,1
ons_monthly,month,int64,0,0.0,12
ons_monthly,month_label,object,0,0.0,52
ons_monthly,pandemic_period,object,0,0.0,1
ons_monthly,year,int64,0,0.0,5
ons_quarterly,household_income_quarterly_change_percent,float64,1,5.88235294117647,16
ons_quarterly,household_income_value,float64,1,5.88235294117647,16
ons_quarterly,date,datetime64[ns],0,0.0,17
ons_quarterly,gdp_quarterly_change_percent,float64,0,0.0,15
ons_quarterly,household_spending_quarterly_change_percent,float64,0,0.0,17
ons_quarterly,household_spending_value,float64,0,0.0,17
ons_quarterly,iso_code,object,0,0.0,1
ons_quarterly,location,object,0,0.0,1
ons_quarterly,location_type,object,0,0.0,1
ons_quarterly,pandemic_period,object,0,0.0,1
ons_quarterly,quarter,int64,0,0.0,4
ons_quarterly,quarter_label,object,0,0.0,17
ons_quarterly,year,int64,0,0.0,5
ukhsa_daily,ukhsa_covid_deaths_weekly,float64,2013,87.82722513089006,232
ukhsa_daily,ukhsa_hospital_admissions_daily,float64,195,8.507853403141361,1028
ukhsa_daily,ukhsa_occupied_beds_daily,float64,193,8.420593368237347,1816
ukhsa_daily,country_reference,object,0,0.0,1
ukhsa_daily,date,datetime64[ns],0,0.0,2292
ukhsa_daily,iso_code,object,0,0.0,1
ukhsa_daily,iso_week,int64,0,0.0,53
ukhsa_daily,location,object,0,0.0,1
ukhsa_daily,location_type,object,0,0.0,1
ukhsa_daily,month,int64,0,0.0,12
ukhsa_daily,pandemic_period,object,0,0.0,2
ukhsa_daily,quarter,int64,0,0.0,4
ukhsa_daily,ukhsa_pcr_positivity_7d,float64,0,0.0,1219
ukhsa_daily,ukhsa_pcr_tests_daily,float64,0,0.0,2260
ukhsa_daily,week_start,datetime64[ns],0,0.0,329
ukhsa_weekly,ukhsa_covid_deaths_weekly,float64,50,15.19756838905775,232
ukhsa_weekly,ukhsa_hospital_admissions_weekly_sum,float64,28,8.51063829787234,295
ukhsa_weekly,ukhsa_occupied_beds_weekly_avg,float64,28,8.51063829787234,299
ukhsa_weekly,country_reference,object,0,0.0,1
ukhsa_weekly,iso_code,object,0,0.0,1
ukhsa_weekly,iso_week,int64,0,0.0,53
ukhsa_weekly,location,object,0,0.0,1
ukhsa_weekly,location_type,object,0,0.0,1
ukhsa_weekly,month,int64,0,0.0,12
ukhsa_weekly,pandemic_period,object,0,0.0,2
ukhsa_weekly,quarter,int64,0,0.0,4
ukhsa_weekly,ukhsa_pcr_positivity_weekly_avg,float64,0,0.0,323
ukhsa_weekly,ukhsa_pcr_tests_weekly_sum,float64,0,0.0,329
ukhsa_weekly,week_start,datetime64[ns],0,0.0,329
ukhsa_weekly,year,int64,0,0.0,7
variants_weekly,country_reference,object,0,0.0,1
variants_weekly,date,datetime64[ns],0,0.0,170
variants_weekly,iso_code,object,0,0.0,1
variants_weekly,iso_week,int64,0,0.0,52
variants_weekly,location,object,0,0.0,1
variants_weekly,location_type,object,0,0.0,1
variants_weekly,month,int64,0,0.0,12
variants_weekly,pandemic_period,object,0,0.0,2
variants_weekly,quarter,int64,0,0.0,4
variants_weekly,variant,object,0,0.0,11
variants_weekly,variant_percent,float64,0,0.0,534
variants_weekly,week_start,datetime64[ns],0,0.0,170
variants_weekly,year,int64,0,0.0,4
