location,pandemic_period,dataset,variable,n,missing_pct,mean,median,std,min,q25,q75,max,skew,kurtosis
Europe,2020-2022,covid_weekly,new_cases_per_million_7d_avg,157,0.0,294.59030886184627,202.34093978934789,373.19062139708404,0.0001090887298987,59.46121218336542,311.4242697959568,2074.2788362543847,2.740358239020584,8.428903852009636
Europe,2020-2022,covid_weekly,new_deaths_per_million_7d_avg,157,0.0,2.4447963327647857,1.5023972603479057,2.099033007176669,0.0,0.7672483095603051,4.108663378541151,7.595002825192472,0.8527004861796855,-0.3988778605756491
Europe,2020-2022,covid_weekly,new_cases_per_million_calc,157,0.0,295.1606239832313,197.19732435807492,374.19572271180664,0.0001909052773227,60.28235032549567,313.8576302772605,2107.7637855298976,2.7405273758037714,8.405395933131699
Europe,2020-2022,covid_weekly,new_deaths_per_million_calc,157,0.0,2.4491061713949955,1.5509144729703706,2.0953214127169133,0.0,0.7661028778963683,3.9868658116092095,7.701500697756116,0.855772881956094,-0.3865571275362343
Europe,2020-2022,covid_weekly,total_cases_per_million,157,0.0,113220.01733245919,64549.598,115511.11796884179,0.0013370679,7027.265,242278.36,324558.94,0.7030680902213864,-1.138192375484156
Europe,2020-2022,covid_weekly,total_deaths_per_million,157,0.0,1417.8786383704746,1527.0105,953.493268907223,0.0040112035,312.1305,2432.969,2693.03,-0.1449376735550876,-1.4899765404293834
Europe,2020-2022,covid_weekly,people_vaccinated_per_hundred,157,0.0,35.11530481999999,42.97036,30.86015620367013,0.0,0.0,68.02963,69.62428,-0.07944258300829331,-1.8605609253310773
Europe,2020-2022,covid_weekly,people_fully_vaccinated_per_hundred,157,0.0,31.74051748343948,30.014381,29.77498807417393,0.0,0.0,65.1456,66.6068,0.047350653415764825,-1.8832894915954355
Europe,2020-2022,covid_weekly,total_boosters_per_hundred,157,0.0,15.104360644585986,1.5758799,19.141528307998154,0.0,0.0,39.09481,47.699654,0.6930411172552832,-1.418534799575471
Europe,2020-2022,covid_weekly,stringency_index,0,100.0,,,,,,,,,
Europe,2020-2022,covid_weekly,reproduction_rate,0,100.0,,,,,,,,,
Europe,2020-2022,covid_weekly,positive_rate,0,100.0,,,,,,,,,
Europe,2020-2022,covid_weekly,tests_per_case,0,100.0,,,,,,,,,
Europe,2020-2022,covid_weekly,excess_mortality_cumulative_per_million,0,100.0,,,,,,,,,
Europe,2023-2026,covid_weekly,new_cases_per_million_7d_avg,174,0.0,13.852362779100227,5.26886292928795,20.55298169482447,0.1040433761409221,1.7233496647121833,15.48361114886178,123.9312334000314,2.4621426604202648,6.641419036497499
Europe,2023-2026,covid_weekly,new_deaths_per_million_7d_avg,174,0.0,0.11038259119947708,0.035794739498023295,0.183054621060018,0.0009545263866135,0.0101657060174383,0.12215210530411245,1.0996962139267117,2.724529404985839,8.537995954434084
Europe,2023-2026,covid_weekly,new_cases_per_million_calc,174,0.0,13.337761773671868,5.255049568864523,19.15117223183493,0.1040433761409221,1.7233496647121833,14.937908413634577,98.903251549006,2.2216858209439247,4.560220056503036
Europe,2023-2026,covid_weekly,new_deaths_per_million_calc,174,0.0,0.10649552151343045,0.0357947394980236,0.17269938160059178,0.0009545263866139,0.0101657060174387,0.11544996646095905,1.0299339711564683,2.587326948776588,7.443858614240886
Europe,2023-2026,covid_weekly,total_cases_per_million,174,0.0,337326.0931609195,338614.74,3872.6797565224697,325251.66,334564.3775,340269.5325,340897.5,-1.2212093672063686,0.708862729708589
Europe,2023-2026,covid_weekly,total_deaths_per_million,174,0.0,2800.8650534482763,2812.25095,28.258263913236643,2700.2434,2787.57125,2820.360275,2823.1548,-1.6688967932535315,2.214520289909315
Europe,2023-2026,covid_weekly,people_vaccinated_per_hundred,174,0.0,70.03814644252874,70.091805,0.10602432418978634,69.64052,70.044655,70.091805,70.091805,-2.0541204382146176,3.4106071543892553
Europe,2023-2026,covid_weekly,people_fully_vaccinated_per_hundred,174,0.0,66.96664387931035,67.044044,0.12819423446957184,66.61851,66.816327,67.044044,67.044044,-1.2059063424042384,-0.2098244226223347
Europe,2023-2026,covid_weekly,total_boosters_per_hundred,174,0.0,49.55901692528735,49.90219,0.616983140419639,47.804985,49.557355,49.90219,49.90219,-1.4929958550055347,0.5973080571147311
Europe,2023-2026,covid_weekly,stringency_index,0,100.0,,,,,,,,,
Europe,2023-2026,covid_weekly,reproduction_rate,0,100.0,,,,,,,,,
Europe,2023-2026,covid_weekly,positive_rate,0,100.0,,,,,,,,,
Europe,2023-2026,covid_weekly,tests_per_case,0,100.0,,,,,,,,,
Europe,2023-2026,covid_weekly,excess_mortality_cumulative_per_million,0,100.0,,,,,,,,,
Poland,2020-2022,covid_weekly,new_cases_per_million_7d_avg,157,0.0,150.92923434394112,23.794447878442952,229.54955050147507,0.0,9.029715177465649,229.0822365391884,1238.6888210040931,2.1266795376871324,4.981873538906582
Poland,2020-2022,covid_weekly,new_deaths_per_million_7d_avg,157,0.0,2.809034616428008,0.4667975698195266,3.8494084187475592,0.0,0.1972458979533534,5.568076251389409,14.553663640364148,1.284693968451495,0.4042940712863272
Poland,2020-2022,covid_weekly,new_cases_per_million_calc,157,0.0,150.96368050037805,26.237426048512113,230.84521202128255,0.0,8.883508649333109,227.6478175831826,1244.4429782912878,2.1667883248219066,5.2604916603891905
Poland,2020-2022,covid_weekly,new_deaths_per_million_calc,157,0.0,2.8097762314751655,0.4577593480804242,3.8561686520485803,0.0,0.2046891393855554,5.4782256941006855,14.04167496184911,1.284530255037009,0.3618975020452071
Poland,2020-2022,covid_weekly,total_cases_per_million,157,0.0,76706.79842011891,75068.8,63021.93823385401,0.0,2556.679,155502.72,165909.08,0.16205337440403314,-1.4817193538049247
Poland,2020-2022,covid_weekly,total_deaths_per_million,157,0.0,1616.8324158986304,1956.6123,1221.2295777238453,0.0,67.81165,3004.8665,3087.944,-0.17006701323268614,-1.5765322648698354
Poland,2020-2022,covid_weekly,people_vaccinated_per_hundred,157,0.0,31.13544502165605,44.585636,26.936217269738354,0.0,0.0,58.88492,59.530937,-0.15665926453231016,-1.8791712762913582
Poland,2020-2022,covid_weekly,people_fully_vaccinated_per_hundred,157,0.0,29.245837020351583,36.218437,26.986665982751685,0.0,0.0,58.26872,58.93984,-0.03482875263163977,-1.9255371498295477
Poland,2020-2022,covid_weekly,total_boosters_per_hundred,157,0.0,11.568575914012738,0.0,15.660879695250637,0.0,0.0,30.567663,39.557507,0.741477271162894,-1.30761307901253
Poland,2020-2022,covid_weekly,stringency_index,157,0.0,39.69209281164696,38.4,25.1685890296787,0.0,14.81,64.39,87.04,0.21478281323453316,-1.2258758440785769
Poland,2020-2022,covid_weekly,reproduction_rate,147,6.369426751592357,1.0516297376093295,1.0265142857142855,0.34227288300387243,0.3766857142857143,0.8323714285714285,1.2474285714285713,2.4531,0.9690588936073399,2.3244429869010994
Poland,2020-2022,covid_weekly,positive_rate,119,24.203821656050955,11.342335251488596,7.360530928571428,10.424388370507032,0.2074501142857143,2.4726750857142856,19.517365214285718,43.61888028571428,0.8840448703046861,-0.039391072532037885
Poland,2020-2022,covid_weekly,tests_per_case,119,24.203821656050955,49.14647391712685,14.088394285714283,93.83115280716218,2.293347942857143,5.1611379,40.60054385714285,482.50453714285715,3.092468359232531,9.444290789155126
Poland,2020-2022,covid_weekly,excess_mortality_cumulative_per_million,157,0.0,2375.5875168802554,2939.817,1799.9047920612861,-195.54051,-8.792994,4260.059,4447.032,-0.340097519399837,-1.4880225627659427
Poland,2023-2026,covid_weekly,new_cases_per_million_7d_avg,174,0.0,10.191661386560442,3.484500310475145,15.786789666559187,0.1563080700762424,1.0346105590760806,11.9854795162033,76.94503996549066,2.3597045132643797,5.316256264778799
Poland,2023-2026,covid_weekly,new_deaths_per_million_7d_avg,174,0.0,0.05317823230133164,0.0058482611253015,0.1077492071826259,0.0,0.0,0.053963500383464605,0.7108295567752928,3.1715366191516807,11.91891419927756
Poland,2023-2026,covid_weekly,new_cases_per_million_calc,174,0.0,10.16058065920069,3.472272128122242,15.818078467060023,0.1563080700762424,0.9918119208409191,11.91290791223933,75.86523829771907,2.3899134109739752,5.492702464225902
Poland,2023-2026,covid_weekly,new_deaths_per_million_calc,174,0.0,0.052509073896712506,0.007443241432202,0.1078423744480235,0.0,0.0,0.0483810693093131,0.7108295567752928,3.2216714699776743,12.169490558053793
Poland,2023-2026,covid_weekly,total_cases_per_million,174,0.0,174050.67913793103,174479.18,3457.0785242323473,165977.67,170343.41499999998,176659.53999999998,178284.67,-0.6008260457906461,-0.7907722788835398
Poland,2023-2026,covid_weekly,total_deaths_per_million,174,0.0,3138.3252683908054,3146.5725,17.92453499042532,3089.3247,3118.3851,3151.7178,3151.9001,-1.1399027096268843,-0.020481059995468787
Poland,2023-2026,covid_weekly,people_vaccinated_per_hundred,174,0.0,59.795322666666685,59.877827,0.1304701857713793,59.543518,59.598772,59.877827,59.877827,-0.9570904735830978,-1.0813541830191125
Poland,2023-2026,covid_weekly,people_fully_vaccinated_per_hundred,174,0.0,59.10720762068967,59.15184,0.07078246678522931,58.952374,59.00453275,59.15184,59.15184,-0.9782786817989949,-1.000947071931765
Poland,2023-2026,covid_weekly,total_boosters_per_hundred,174,0.0,40.07336771264367,40.104836,0.08765605007083618,39.612022,40.1023265,40.104836,40.104836,-3.2951715665025025,10.642157407966515
Poland,2023-2026,covid_weekly,stringency_index,0,100.0,,,,,,,,,
Poland,2023-2026,covid_weekly,reproduction_rate,1,99.42528735632183,1.002,1.002,,1.002,1.002,1.002,1.002,,
Poland,2023-2026,covid_weekly,positive_rate,0,100.0,,,,,,,,,
Poland,2023-2026,covid_weekly,tests_per_case,0,100.0,,,,,,,,,
Poland,2023-2026,covid_weekly,excess_mortality_cumulative_per_million,52,70.11494252873564,4007.8059288461545,3990.92085,206.69020984537804,3749.35,3805.295125,4149.794425,4416.521,0.4550891314474371,-0.92767371439245
United Kingdom,2020-2022,covid_weekly,new_cases_per_million_7d_avg,157,0.0,322.7096589176057,127.0883393059515,449.9181280950628,0.0,46.6650601686845,473.2688038467805,2947.9241464891784,2.7932653977055946,10.27883660491037
United Kingdom,2020-2022,covid_weekly,new_deaths_per_million_7d_avg,157,0.0,2.8813041010958713,1.5975280383344828,4.1311531372022845,0.0,0.6414657272158134,2.5293445613502676,19.9509909707832,2.5615657096933213,6.3480925944780235
United Kingdom,2020-2022,covid_weekly,new_cases_per_million_calc,157,0.0,322.9812128882971,126.6450305136012,452.4115704779509,0.0,47.42536019067618,487.5420897714463,2766.5114726197694,2.828632577348035,10.443325798113111
United Kingdom,2020-2022,covid_weekly,new_deaths_per_million_calc,157,0.0,2.886943720597981,1.5631050058427334,4.147585558343174,0.0,0.6705008067958106,2.6317156666735566,20.372747951486456,2.5874237871556405,6.5298736691637345
United Kingdom,2020-2022,covid_weekly,total_cases_per_million,157,0.0,140774.70420846622,73407.32,136976.30398679915,0.0,7612.514,312587.2,354956.34,0.5197284349276176,-1.428542174100305
United Kingdom,2020-2022,covid_weekly,total_deaths_per_million,157,0.0,1946.0913123611178,2267.4326,1016.3158816872239,0.0,863.25305,2822.117,3172.7512,-0.608628419627447,-1.0343563155272357
United Kingdom,2020-2022,covid_weekly,people_vaccinated_per_hundred,157,0.0,44.605153612101915,66.518295,35.2442555866706,0.0,0.0,77.48224,78.91978,-0.3514213785296117,-1.7569820044059508
United Kingdom,2020-2022,covid_weekly,people_fully_vaccinated_per_hundred,157,0.0,37.761289003949045,49.467148,33.88579130859883,0.0,0.0,72.570816,74.43005,-0.10274574309099002,-1.9006290297155328
United Kingdom,2020-2022,covid_weekly,total_boosters_per_hundred,157,0.0,21.229210402547768,0.0,27.11517486053247,0.0,0.0,57.006535,59.217354,0.5712211323576595,-1.6314970664486186
United Kingdom,2020-2022,covid_weekly,stringency_index,157,0.0,42.956360327570515,43.63,27.958206821750053,0.0,11.11,67.59,87.96,-0.056216777191819604,-1.4201854065734096
United Kingdom,2020-2022,covid_weekly,reproduction_rate,148,5.7324840764331215,1.0584707046332047,1.0381071428571427,0.2844295917223231,0.3062857142857143,0.8704999999999999,1.1518714285714284,2.4719285714285713,2.07894797847561,8.583261919911825
United Kingdom,2020-2022,covid_weekly,positive_rate,112,28.662420382165603,4.806013226096939,3.9274923428571427,4.708063834590433,0.2136466871428571,1.2754194,6.595148928571429,27.143143142857145,2.3052935764358393,7.686113642713773
United Kingdom,2020-2022,covid_weekly,tests_per_case,112,28.662420382165603,73.79029112765731,25.632272214285717,103.67501111171627,3.7069913285714287,15.420948535714286,82.08708017857143,468.6008857142857,2.2077154779098813,4.518132120500588
United Kingdom,2020-2022,covid_weekly,excess_mortality_cumulative_per_million,157,0.0,1494.7093685974517,1627.4794,734.7006583738834,-90.95659,867.2138,2006.4122,2718.5623,-0.5911909502508036,-0.39462731802060436
United Kingdom,2023-2026,covid_weekly,new_cases_per_million_7d_avg,174,0.0,11.279240746425812,4.806652658717468,15.154362700785326,0.0251437802548429,2.691955973534118,11.769608972325702,82.23482863848494,2.416499828827239,5.859858543900625
United Kingdom,2023-2026,covid_weekly,new_deaths_per_million_7d_avg,174,0.0,0.19530469159361757,0.0,0.4203271967220472,0.0,0.0,0.0,2.0423334842713463,2.3334635424829573,4.836719263437809
United Kingdom,2023-2026,covid_weekly,new_cases_per_million_calc,174,0.0,11.034217910802004,4.806652658717468,14.603236615360048,0.0251437802548429,2.691955973534118,11.326749176051417,69.96256855910038,2.3647209245062273,5.414299478715343
United Kingdom,2023-2026,covid_weekly,new_deaths_per_million_calc,174,0.0,0.19021606939918506,0.0,0.41176251325155017,0.0,0.0,0.0,1.9926445851963,2.3088212402816297,4.629637247106439
United Kingdom,2023-2026,covid_weekly,total_cases_per_million,174,0.0,365273.3655747127,366487.44,3182.8720105238685,355446.1,363870.4675,367541.43500000006,368396.03,-1.310247078880637,0.9793694555274155
United Kingdom,2023-2026,covid_weekly,total_deaths_per_million,174,0.0,3384.2036781609204,3404.4343,46.68648196192859,3186.6997,3404.4343,3404.4343,3404.4343,-2.6287129612225826,6.335098154773009
United Kingdom,2023-2026,covid_weekly,people_vaccinated_per_hundred,174,0.0,78.91977999999999,78.91978,1.4251867368198496e-14,78.91978,78.91978,78.91978,78.91978,0.0,0.0
United Kingdom,2023-2026,covid_weekly,people_fully_vaccinated_per_hundred,174,0.0,74.43004999999998,74.43005,1.4251867368198496e-14,74.43005,74.43005,74.43005,74.43005,0.0,0.0
United Kingdom,2023-2026,covid_weekly,total_boosters_per_hundred,174,0.0,59.21735400000001,59.217354,7.125933684099248e-15,59.217354,59.217354,59.217354,59.217354,0.0,0.0
United Kingdom,2023-2026,covid_weekly,stringency_index,0,100.0,,,,,,,,,
United Kingdom,2023-2026,covid_weekly,reproduction_rate,1,99.42528735632183,0.298,0.298,,0.298,0.298,0.298,0.298,,
United Kingdom,2023-2026,covid_weekly,positive_rate,0,100.0,,,,,,,,,
United Kingdom,2023-2026,covid_weekly,tests_per_case,0,100.0,,,,,,,,,
United Kingdom,2023-2026,covid_weekly,excess_mortality_cumulative_per_million,52,70.11494252873564,3155.847284615385,3169.1791000000003,193.38656338382876,2766.2778,2989.113475,3317.05105,3482.6978,-0.05518355850631878,-1.099762638067876
World,2020-2022,covid_weekly,new_cases_per_million_7d_avg,157,0.0,81.90538850318462,61.99593928075007,95.34499943316742,0.0002505201095545,37.58450417468346,80.3814277857421,676.9222618131772,3.4747138713465575,15.151099041102473
World,2020-2022,covid_weekly,new_deaths_per_million_7d_avg,157,0.0,0.7613997328659411,0.7829940722678013,0.490136452332539,2.544212351603715e-05,0.2608911671704997,1.157451246176836,1.8313927444178475,0.16649925407602606,-0.9477487030703875
World,2020-2022,covid_weekly,new_cases_per_million_calc,157,0.0,83.06831495565169,62.467806712964965,98.72569381092326,0.0001869996078428,37.98540843598742,81.8849733265323,787.8240940435181,3.785255487218566,19.383417592891078
World,2020-2022,covid_weekly,new_deaths_per_million_calc,157,0.0,0.763437724744412,0.7796458888130909,0.4880841070297491,1.7809486461226006e-05,0.2705439088324842,1.1251499261608753,1.8471108883260552,0.16688195193683306,-0.942282876419966
World,2020-2022,covid_weekly,total_cases_per_million,157,0.0,31267.529834236444,23015.04,28625.78104941896,0.00025133704,4451.123,61632.777,92023.99,0.557916900708573,-1.1665980003129914
World,2020-2022,covid_weekly,total_deaths_per_million,157,0.0,457.2426568778932,505.68295,305.38572239406545,0.00037700558,141.39719,778.9693,845.40106,-0.2008662356310462,-1.5287208649692994
World,2020-2022,covid_weekly,people_vaccinated_per_hundred,157,0.0,31.760811245222932,25.7941,28.40479639155932,0.0,0.0,63.7856,69.1547,0.1119645308940853,-1.76370832958024
World,2020-2022,covid_weekly,people_fully_vaccinated_per_hundred,157,0.0,27.819266675159234,18.573864,25.364276085220254,0.0,0.0,57.38741,63.467964,0.23645644789449155,-1.6585963743646512
World,2020-2022,covid_weekly,total_boosters_per_hundred,157,0.0,9.694369661146496,2.047237,12.291471536917163,0.0,0.0,22.014181,33.828667,0.906505390990516,-0.9127175392792641
World,2020-2022,covid_weekly,stringency_index,0,100.0,,,,,,,,,
World,2020-2022,covid_weekly,reproduction_rate,154,1.910828025477707,1.0765302643784784,1.0281285714285713,0.3131821891529605,0.6352285714285715,0.9419642857142856,1.0912714285714284,3.377075,4.885137466407099,29.850327641082593
World,2020-2022,covid_weekly,positive_rate,0,100.0,,,,,,,,,
World,2020-2022,covid_weekly,tests_per_case,0,100.0,,,,,,,,,
World,2020-2022,covid_weekly,excess_mortality_cumulative_per_million,0,100.0,,,,,,,,,
World,2023-2026,covid_weekly,new_cases_per_million_7d_avg,174,0.0,5.845086294611415,0.923808593292014,25.243680721318118,0.0381886273975732,0.5254332790655524,3.303183334794587,298.1781918601843,9.86766418565688,108.35142897776869
World,2023-2026,covid_weekly,new_deaths_per_million_7d_avg,174,0.0,0.041791948561035845,0.0167256519994428,0.0944403741168709,0.0016486496038391,0.00813511899425285,0.040748105023285075,0.904253777157586,6.529433204849108,50.18857601639706
World,2023-2026,covid_weekly,new_cases_per_million_calc,174,0.0,4.7958003357147,0.9146596056756452,16.915338379780703,0.0367943990288929,0.514222207338209,3.0242912291834023,195.54814353477508,9.175120247714343,97.31088568375073
World,2023-2026,covid_weekly,new_deaths_per_million_calc,174,0.0,0.039954354635314895,0.01637582280109725,0.10332140559728198,0.0015672348085878,0.00806324499532,0.04041862952375235,1.241107492509918,9.588349385821088,107.67076546692265
World,2023-2026,covid_weekly,total_cases_per_million,174,0.0,97232.44755747127,97537.08,852.5237010542535,93403.83,96955.66875,97810.92749999999,97911.81,-2.0149452965984223,4.212134887224233
World,2023-2026,covid_weekly,total_deaths_per_million,174,0.0,884.4055321264367,887.7454749999999,9.894714400563256,848.48846,878.204675,892.0350249999999,894.01715,-1.3916555821795247,1.7356093167020856
World,2023-2026,covid_weekly,people_vaccinated_per_hundred,174,0.0,70.5852468448276,70.706406,0.3044089440665752,69.24772,70.6780825,70.706406,70.706406,-2.895683581392297,7.665082913843911
World,2023-2026,covid_weekly,people_fully_vaccinated_per_hundred,174,0.0,64.98604356321837,65.10431,0.30070057617075907,63.567436,65.067735,65.10431,65.10431,-3.0330058859042177,8.773401820739643
World,2023-2026,covid_weekly,total_boosters_per_hundred,174,0.0,35.428821189655174,35.577507,0.31669577085057465,34.00379,35.4806825,35.577507,35.577507,-2.5867713288993666,6.503861524437854
World,2023-2026,covid_weekly,stringency_index,0,100.0,,,,,,,,,
World,2023-2026,covid_weekly,reproduction_rate,1,99.42528735632183,0.9441,0.9441,,0.9441,0.9441,0.9441,0.9441,,
World,2023-2026,covid_weekly,positive_rate,0,100.0,,,,,,,,,
World,2023-2026,covid_weekly,tests_per_case,0,100.0,,,,,,,,,
World,2023-2026,covid_weekly,excess_mortality_cumulative_per_million,0,100.0,,,,,,,,,
