location,week_start,iso_code,location_type,pandemic_period,year,quarter,month,iso_week,retail_and_recreation_percent_change_from_baseline,grocery_and_pharmacy_percent_change_from_baseline,parks_percent_change_from_baseline,transit_stations_percent_change_from_baseline,workplaces_percent_change_from_baseline,residential_percent_change_from_baseline,mobility_restriction_index
Poland,2020-02-10,PL,comparison_country,2020-2022,2020,1,2,7,9.5,-7.0,22.0,5.0,-1.0,-0.5,4.5
Poland,2020-02-17,PL,comparison_country,2020-2022,2020,1,2,8,2.5714285714285716,-3.857142857142857,7.428571428571429,-0.14285714285714285,0.5714285714285714,0.2857142857142857,1.0
Poland,2020-02-24,PL,comparison_country,2020-2022,2020,1,2,9,2.4285714285714284,0.8571428571428571,6.428571428571429,4.571428571428571,6.714285714285714,0.0,4.571428571428571
Poland,2020-03-02,PL,comparison_country,2020-2022,2020,1,3,10,6.714285714285714,4.0,8.285714285714286,4.571428571428571,7.857142857142857,-0.42857142857142855,6.3809523809523805
Poland,2020-03-09,PL,comparison_country,2020-2022,2020,1,3,11,-21.857142857142858,1.4285714285714286,-8.714285714285714,-20.285714285714285,-6.571428571428571,5.0,-16.238095238095237
Poland,2020-03-16,PL,comparison_country,2020-2022,2020,1,3,12,-57.285714285714285,-29.571428571428573,-17.857142857142858,-56.285714285714285,-35.714285714285715,15.714285714285714,-49.76190476190476
Poland,2020-03-23,PL,comparison_country,2020-2022,2020,1,3,13,-60.0,-32.714285714285715,-34.285714285714285,-61.42857142857143,-39.857142857142854,17.571428571428573,-53.76190476190476
Poland,2020-03-30,PL,comparison_country,2020-2022,2020,1,3,14,-61.0,-23.714285714285715,-51.857142857142854,-64.42857142857143,-40.57142857142857,18.857142857142858,-55.33333333333333
Poland,2020-04-06,PL,comparison_country,2020-2022,2020,2,4,15,-59.857142857142854,-36.42857142857143,-46.142857142857146,-62.857142857142854,-46.857142857142854,18.428571428571427,-56.52380952380952
Poland,2020-04-13,PL,comparison_country,2020-2022,2020,2,4,16,-65.0,-45.57142857142857,-50.857142857142854,-65.28571428571429,-45.42857142857143,19.571428571428573,-58.57142857142857
Poland,2020-04-20,PL,comparison_country,2020-2022,2020,2,4,17,-49.285714285714285,-10.428571428571429,7.571428571428571,-54.0,-33.142857142857146,13.714285714285714,-45.476190476190474
Poland,2020-04-27,PL,comparison_country,2020-2022,2020,2,4,18,-50.57142857142857,-27.0,14.142857142857142,-54.42857142857143,-39.57142857142857,13.285714285714286,-48.19047619047619
Poland,2020-05-04,PL,comparison_country,2020-2022,2020,2,5,19,-34.57142857142857,-12.0,26.285714285714285,-44.0,-25.857142857142858,9.428571428571429,-34.80952380952381
Poland,2020-05-11,PL,comparison_country,2020-2022,2020,2,5,20,-32.714285714285715,-11.285714285714286,11.571428571428571,-43.57142857142857,-23.142857142857142,9.428571428571429,-33.142857142857146
Poland,2020-05-18,PL,comparison_country,2020-2022,2020,2,5,21,-23.285714285714285,-9.285714285714286,29.428571428571427,-39.57142857142857,-19.714285714285715,7.857142857142857,-27.523809523809522
Poland,2020-05-25,PL,comparison_country,2020-2022,2020,2,5,22,-19.285714285714285,-5.714285714285714,29.285714285714285,-36.42857142857143,-16.142857142857142,6.857142857142857,-23.952380952380953
Poland,2020-06-01,PL,comparison_country,2020-2022,2020,2,6,23,-12.857142857142858,-3.2857142857142856,61.857142857142854,-30.0,-12.428571428571429,4.714285714285714,-18.428571428571427
Poland,2020-06-08,PL,comparison_country,2020-2022,2020,2,6,24,-10.857142857142858,-6.142857142857143,112.85714285714286,-29.285714285714285,-24.714285714285715,4.571428571428571,-21.619047619047617
Poland,2020-06-15,PL,comparison_country,2020-2022,2020,2,6,25,-8.714285714285714,-1.7142857142857142,60.857142857142854,-26.857142857142858,-12.0,3.4285714285714284,-15.857142857142858
Poland,2020-06-22,PL,comparison_country,2020-2022,2020,2,6,26,2.4285714285714284,0.3333333333333333,90.42857142857143,-19.0,-9.428571428571429,1.4285714285714286,-8.666666666666668
Poland,2020-06-29,PL,comparison_country,2020-2022,2020,2,6,27,-0.14285714285714285,3.0,113.71428571428571,-17.285714285714285,-12.571428571428571,0.5714285714285714,-10.0
Poland,2020-07-06,PL,comparison_country,2020-2022,2020,3,7,28,3.2857142857142856,6.571428571428571,106.0,-16.285714285714285,-14.285714285714286,0.7142857142857143,-9.095238095238097
Poland,2020-07-13,PL,comparison_country,2020-2022,2020,3,7,29,5.142857142857143,5.571428571428571,146.14285714285714,-14.142857142857142,-16.285714285714285,0.2857142857142857,-8.428571428571429
Poland,2020-07-20,PL,comparison_country,2020-2022,2020,3,7,30,5.428571428571429,6.857142857142857,164.85714285714286,-13.285714285714286,-17.714285714285715,-0.5714285714285714,-8.523809523809524
Poland,2020-07-27,PL,comparison_country,2020-2022,2020,3,7,31,6.285714285714286,8.0,182.57142857142858,-11.428571428571429,-20.0,-0.42857142857142855,-8.380952380952381
Poland,2020-08-03,PL,comparison_country,2020-2022,2020,3,8,32,4.142857142857143,6.428571428571429,177.14285714285714,-13.714285714285714,-22.285714285714285,0.2857142857142857,-10.619047619047619
Poland,2020-08-10,PL,comparison_country,2020-2022,2020,3,8,33,4.857142857142857,3.7142857142857144,209.85714285714286,-13.0,-27.714285714285715,-0.7142857142857143,-11.952380952380953
Poland,2020-08-17,PL,comparison_country,2020-2022,2020,3,8,34,4.714285714285714,5.857142857142857,159.28571428571428,-14.142857142857142,-20.714285714285715,0.0,-10.047619047619047
Poland,2020-08-24,PL,comparison_country,2020-2022,2020,3,8,35,10.428571428571429,25.285714285714285,115.42857142857143,-13.714285714285714,-16.285714285714285,0.42857142857142855,-6.523809523809525
Poland,2020-08-31,PL,comparison_country,2020-2022,2020,3,8,36,1.4285714285714286,2.0,75.14285714285714,-11.571428571428571,-16.142857142857142,0.42857142857142855,-8.761904761904763
Poland,2020-09-07,PL,comparison_country,2020-2022,2020,3,9,37,3.4285714285714284,5.714285714285714,107.71428571428571,-6.428571428571429,-14.285714285714286,-3.2857142857142856,-5.761904761904762
Poland,2020-09-14,PL,comparison_country,2020-2022,2020,3,9,38,1.7142857142857142,3.2857142857142856,106.85714285714286,-7.714285714285714,-9.285714285714286,-2.7142857142857144,-5.095238095238095
Poland,2020-09-21,PL,comparison_country,2020-2022,2020,3,9,39,-6.857142857142857,-2.0,59.0,-11.714285714285714,-9.142857142857142,0.14285714285714285,-9.238095238095239
Poland,2020-09-28,PL,comparison_country,2020-2022,2020,3,9,40,-6.428571428571429,-0.42857142857142855,39.0,-9.285714285714286,-6.714285714285714,0.42857142857142855,-7.476190476190475
Poland,2020-10-05,PL,comparison_country,2020-2022,2020,4,10,41,-11.0,-1.0,32.857142857142854,-13.142857142857142,-7.142857142857143,1.2857142857142858,-10.428571428571429
Poland,2020-10-12,PL,comparison_country,2020-2022,2020,4,10,42,-19.857142857142858,-6.285714285714286,-5.571428571428571,-25.428571428571427,-13.142857142857142,5.571428571428571,-19.476190476190478
Poland,2020-10-19,PL,comparison_country,2020-2022,2020,4,10,43,-25.0,-5.571428571428571,20.714285714285715,-28.714285714285715,-16.857142857142858,6.571428571428571,-23.523809523809522
Poland,2020-10-26,PL,comparison_country,2020-2022,2020,4,10,44,-33.285714285714285,-9.428571428571429,9.571428571428571,-34.42857142857143,-26.0,9.0,-31.238095238095237
Poland,2020-11-02,PL,comparison_country,2020-2022,2020,4,11,45,-32.42857142857143,-10.0,-2.142857142857143,-39.0,-25.0,10.0,-32.142857142857146
Poland,2020-11-09,PL,comparison_country,2020-2022,2020,4,11,46,-40.42857142857143,-15.428571428571429,6.285714285714286,-43.57142857142857,-33.0,12.571428571428571,-39.0
Poland,2020-11-16,PL,comparison_country,2020-2022,2020,4,11,47,-38.0,-11.571428571428571,-10.142857142857142,-41.0,-24.0,10.571428571428571,-34.33333333333333
Poland,2020-11-23,PL,comparison_country,2020-2022,2020,4,11,48,-34.285714285714285,-11.285714285714286,-16.0,-40.142857142857146,-21.857142857142858,9.714285714285714,-32.095238095238095
Poland,2020-11-30,PL,comparison_country,2020-2022,2020,4,11,49,-18.285714285714285,13.285714285714286,-11.428571428571429,-34.42857142857143,-17.571428571428573,8.571428571428571,-23.428571428571427
Poland,2020-12-07,PL,comparison_country,2020-2022,2020,4,12,50,-20.285714285714285,11.857142857142858,-14.0,-34.57142857142857,-17.285714285714285,8.571428571428571,-24.047619047619047
Poland,2020-12-14,PL,comparison_country,2020-2022,2020,4,12,51,-13.714285714285714,22.857142857142858,-7.142857142857143,-29.428571428571427,-16.0,7.857142857142857,-19.714285714285715
Poland,2020-12-21,PL,comparison_country,2020-2022,2020,4,12,52,-40.142857142857146,-24.0,-4.714285714285714,-46.714285714285715,-47.142857142857146,12.142857142857142,-44.66666666666667
Poland,2020-12-28,PL,comparison_country,2020-2022,2020,4,12,53,-43.285714285714285,-17.571428571428573,1.1428571428571428,-50.0,-44.285714285714285,14.571428571428571,-45.857142857142854
Poland,2021-01-04,PL,comparison_country,2020-2022,2021,1,1,1,-40.0,-16.571428571428573,-2.142857142857143,-45.0,-30.714285714285715,12.285714285714286,-38.57142857142857
Poland,2021-01-11,PL,comparison_country,2020-2022,2021,1,1,2,-37.857142857142854,-14.857142857142858,-2.0,-41.57142857142857,-21.714285714285715,8.142857142857142,-33.714285714285715
Poland,2021-01-18,PL,comparison_country,2020-2022,2021,1,1,3,-39.285714285714285,-14.857142857142858,-17.857142857142858,-41.714285714285715,-19.714285714285715,8.571428571428571,-33.57142857142857
Poland,2021-01-25,PL,comparison_country,2020-2022,2021,1,1,4,-35.142857142857146,0.2857142857142857,-10.714285714285714,-39.285714285714285,-17.0,8.142857142857142,-30.476190476190478
Poland,2021-02-01,PL,comparison_country,2020-2022,2021,1,2,5,-33.0,-13.571428571428571,-20.428571428571427,-38.42857142857143,-18.571428571428573,8.0,-30.0
Poland,2021-02-08,PL,comparison_country,2020-2022,2021,1,2,6,-30.571428571428573,-8.571428571428571,-14.142857142857142,-34.57142857142857,-18.571428571428573,8.142857142857142,-27.904761904761905
Poland,2021-02-15,PL,comparison_country,2020-2022,2021,1,2,7,-29.714285714285715,-5.285714285714286,-1.0,-32.714285714285715,-16.857142857142858,6.714285714285714,-26.428571428571427
Poland,2021-02-22,PL,comparison_country,2020-2022,2021,1,2,8,-24.857142857142858,-1.8571428571428572,14.714285714285714,-29.714285714285715,-15.142857142857142,5.714285714285714,-23.238095238095237
Poland,2021-03-01,PL,comparison_country,2020-2022,2021,1,3,9,-26.857142857142858,-2.857142857142857,-0.42857142857142855,-32.42857142857143,-15.142857142857142,5.857142857142857,-24.809523809523814
Poland,2021-03-08,PL,comparison_country,2020-2022,2021,1,3,10,-25.857142857142858,0.14285714285714285,-7.285714285714286,-32.42857142857143,-15.714285714285714,6.571428571428571,-24.666666666666664
Poland,2021-03-15,PL,comparison_country,2020-2022,2021,1,3,11,-29.857142857142858,-3.2857142857142856,-11.0,-35.57142857142857,-16.142857142857142,7.428571428571429,-27.190476190476193
Poland,2021-03-22,PL,comparison_country,2020-2022,2021,1,3,12,-29.142857142857142,14.571428571428571,10.0,-35.57142857142857,-16.857142857142858,7.714285714285714,-27.190476190476193
Poland,2021-03-29,PL,comparison_country,2020-2022,2021,1,3,13,-42.142857142857146,-2.2857142857142856,25.857142857142858,-39.857142857142854,-28.714285714285715,9.0,-36.904761904761905
Poland,2021-04-05,PL,comparison_country,2020-2022,2021,2,4,14,-42.42857142857143,-12.285714285714286,26.142857142857142,-38.142857142857146,-29.285714285714285,9.857142857142858,-36.61904761904763
Poland,2021-04-12,PL,comparison_country,2020-2022,2021,2,4,15,-35.285714285714285,-0.2857142857142857,2.4285714285714284,-36.0,-18.714285714285715,8.428571428571429,-30.0
Poland,2021-04-19,PL,comparison_country,2020-2022,2021,2,4,16,-25.571428571428573,21.142857142857142,37.857142857142854,-28.428571428571427,-12.714285714285714,5.428571428571429,-22.238095238095237
Poland,2021-04-26,PL,comparison_country,2020-2022,2021,2,4,17,-29.857142857142858,2.0,45.57142857142857,-29.285714285714285,-21.0,4.714285714285714,-26.714285714285715
Poland,2021-05-03,PL,comparison_country,2020-2022,2021,2,5,18,-15.428571428571429,7.714285714285714,63.857142857142854,-22.285714285714285,-20.142857142857142,5.0,-19.285714285714285
Poland,2021-05-10,PL,comparison_country,2020-2022,2021,2,5,19,-4.714285714285714,17.0,90.28571428571429,-12.857142857142858,-9.142857142857142,1.2857142857142858,-8.904761904761905
Poland,2021-05-17,PL,comparison_country,2020-2022,2021,2,5,20,-5.142857142857143,15.142857142857142,66.14285714285714,-13.142857142857142,-6.0,1.4285714285714286,-8.095238095238095
Poland,2021-05-24,PL,comparison_country,2020-2022,2021,2,5,21,2.7142857142857144,20.857142857142858,79.14285714285714,-8.428571428571429,-4.285714285714286,0.7142857142857143,-3.333333333333333
Poland,2021-05-31,PL,comparison_country,2020-2022,2021,2,5,22,11.0,19.0,179.85714285714286,-4.714285714285714,-20.0,0.14285714285714285,-4.571428571428571
Poland,2021-06-07,PL,comparison_country,2020-2022,2021,2,6,23,9.428571428571429,24.0,106.71428571428571,-2.4285714285714284,1.1428571428571428,-1.5714285714285714,2.7142857142857144
Poland,2021-06-14,PL,comparison_country,2020-2022,2021,2,6,24,10.0,24.714285714285715,135.71428571428572,-0.8571428571428571,0.2857142857142857,-3.142857142857143,3.142857142857143
Poland,2021-06-21,PL,comparison_country,2020-2022,2021,2,6,25,16.285714285714285,41.714285714285715,118.14285714285714,-1.7142857142857142,0.0,-2.142857142857143,4.857142857142857
Poland,2021-06-28,PL,comparison_country,2020-2022,2021,2,6,26,10.0,20.571428571428573,132.28571428571428,-3.857142857142857,-8.571428571428571,-1.5714285714285714,-0.8095238095238092
Poland,2021-07-05,PL,comparison_country,2020-2022,2021,3,7,27,14.428571428571429,26.285714285714285,157.71428571428572,-0.7142857142857143,-10.285714285714286,-2.0,1.1428571428571428
Poland,2021-07-12,PL,comparison_country,2020-2022,2021,3,7,28,16.142857142857142,27.0,171.14285714285714,1.4285714285714286,-12.285714285714286,-2.142857142857143,1.7619047619047616
Poland,2021-07-19,PL,comparison_country,2020-2022,2021,3,7,29,18.571428571428573,29.142857142857142,193.71428571428572,3.857142857142857,-12.714285714285714,-2.4285714285714284,3.2380952380952377
Poland,2021-07-26,PL,comparison_country,2020-2022,2021,3,7,30,18.142857142857142,28.857142857142858,191.14285714285714,3.857142857142857,-14.714285714285714,-1.5714285714285714,2.4285714285714284
Poland,2021-08-02,PL,comparison_country,2020-2022,2021,3,8,31,21.285714285714285,29.428571428571427,179.0,2.857142857142857,-15.714285714285714,-0.7142857142857143,2.8095238095238093
Poland,2021-08-09,PL,comparison_country,2020-2022,2021,3,8,32,22.285714285714285,34.42857142857143,215.71428571428572,7.714285714285714,-14.714285714285714,-2.5714285714285716,5.095238095238096
Poland,2021-08-16,PL,comparison_country,2020-2022,2021,3,8,33,17.142857142857142,35.714285714285715,173.28571428571428,4.285714285714286,-12.428571428571429,-1.2857142857142858,3.0
Poland,2021-08-23,PL,comparison_country,2020-2022,2021,3,8,34,18.0,49.285714285714285,111.57142857142857,-0.7142857142857143,-8.285714285714286,0.14285714285714285,3.0
Poland,2021-08-30,PL,comparison_country,2020-2022,2021,3,8,35,13.0,37.285714285714285,103.42857142857143,4.0,-6.571428571428571,-0.5714285714285714,3.4761904761904767
Poland,2021-09-06,PL,comparison_country,2020-2022,2021,3,9,36,10.714285714285714,38.285714285714285,127.28571428571429,7.714285714285714,-5.285714285714286,-2.7142857142857144,4.380952380952381
Poland,2021-09-13,PL,comparison_country,2020-2022,2021,3,9,37,2.857142857142857,32.714285714285715,70.42857142857143,-1.0,-7.285714285714286,-0.42857142857142855,-1.8095238095238095
Poland,2021-09-20,PL,comparison_country,2020-2022,2021,3,9,38,4.571428571428571,33.285714285714285,72.28571428571429,1.1428571428571428,-1.1428571428571428,-0.5714285714285714,1.523809523809524
Poland,2021-09-27,PL,comparison_country,2020-2022,2021,3,9,39,5.571428571428571,35.0,75.28571428571429,2.0,-0.8571428571428571,-1.0,2.238095238095238
Poland,2021-10-04,PL,comparison_country,2020-2022,2021,4,10,40,3.857142857142857,34.714285714285715,64.14285714285714,1.4285714285714286,-1.2857142857142858,-0.8571428571428571,1.3333333333333335
Poland,2021-10-11,PL,comparison_country,2020-2022,2021,4,10,41,2.2857142857142856,33.57142857142857,39.0,-2.5714285714285716,-2.857142857142857,0.42857142857142855,-1.0476190476190474
Poland,2021-10-18,PL,comparison_country,2020-2022,2021,4,10,42,0.7142857142857143,33.285714285714285,39.285714285714285,-1.7142857142857142,0.0,0.42857142857142855,-0.3333333333333334
Poland,2021-10-25,PL,comparison_country,2020-2022,2021,4,10,43,2.5714285714285716,45.42857142857143,51.142857142857146,1.2857142857142858,-1.4285714285714286,-0.7142857142857143,0.8095238095238094
Poland,2021-11-01,PL,comparison_country,2020-2022,2021,4,11,44,-12.571428571428571,21.0,24.142857142857142,-10.857142857142858,-11.571428571428571,4.142857142857143,-11.666666666666668
Poland,2021-11-08,PL,comparison_country,2020-2022,2021,4,11,45,-5.285714285714286,23.714285714285715,38.714285714285715,-11.142857142857142,-18.571428571428573,5.142857142857143,-11.666666666666668
Poland,2021-11-15,PL,comparison_country,2020-2022,2021,4,11,46,-5.571428571428571,30.571428571428573,10.285714285714286,-8.142857142857142,-0.2857142857142857,2.5714285714285716,-4.666666666666666
Poland,2021-11-22,PL,comparison_country,2020-2022,2021,4,11,47,-4.142857142857143,28.857142857142858,6.0,-10.0,-1.4285714285714286,3.0,-5.19047619047619
Poland,2021-11-29,PL,comparison_country,2020-2022,2021,4,11,48,-3.4285714285714284,32.57142857142857,4.571428571428571,-10.857142857142858,-1.7142857142857142,3.4285714285714284,-5.333333333333334
Poland,2021-12-06,PL,comparison_country,2020-2022,2021,4,12,49,3.4285714285714284,41.57142857142857,10.0,-9.428571428571429,3.4285714285714284,3.4285714285714284,-0.8571428571428571
Poland,2021-12-13,PL,comparison_country,2020-2022,2021,4,12,50,7.571428571428571,48.714285714285715,8.428571428571429,-7.142857142857143,5.857142857142857,3.142857142857143,2.0952380952380953
Poland,2021-12-20,PL,comparison_country,2020-2022,2021,4,12,51,-17.142857142857142,8.142857142857142,6.714285714285714,-26.571428571428573,-33.57142857142857,7.142857142857143,-25.76190476190476
Poland,2021-12-27,PL,comparison_country,2020-2022,2021,4,12,52,-13.428571428571429,17.428571428571427,23.142857142857142,-26.142857142857142,-35.0,9.714285714285714,-24.857142857142858
Poland,2022-01-03,PL,comparison_country,2020-2022,2022,1,1,1,-13.857142857142858,18.714285714285715,15.142857142857142,-26.714285714285715,-24.571428571428573,10.142857142857142,-21.714285714285715
Poland,2022-01-10,PL,comparison_country,2020-2022,2022,1,1,2,-10.571428571428571,26.714285714285715,1.4285714285714286,-16.142857142857142,3.142857142857143,3.7142857142857144,-7.857142857142857
Poland,2022-01-17,PL,comparison_country,2020-2022,2022,1,1,3,-14.857142857142858,24.714285714285715,-0.2857142857142857,-20.0,-2.5714285714285716,5.0,-12.476190476190476
Poland,2022-01-24,PL,comparison_country,2020-2022,2022,1,1,4,-15.0,22.142857142857142,-9.571428571428571,-26.142857142857142,-7.571428571428571,7.285714285714286,-16.238095238095237
Poland,2022-01-31,PL,comparison_country,2020-2022,2022,1,1,5,-15.571428571428571,11.714285714285714,-1.0,-25.0,-10.428571428571429,6.857142857142857,-17.0
Poland,2022-02-07,PL,comparison_country,2020-2022,2022,1,2,6,-6.0,17.714285714285715,19.714285714285715,-18.428571428571427,-8.0,5.142857142857143,-10.80952380952381
Poland,2022-02-14,PL,comparison_country,2020-2022,2022,1,2,7,-5.857142857142857,16.0,16.428571428571427,-18.0,-6.714285714285714,4.142857142857143,-10.190476190476192
Poland,2022-02-21,PL,comparison_country,2020-2022,2022,1,2,8,-7.142857142857143,19.0,22.714285714285715,-12.285714285714286,-0.14285714285714285,2.857142857142857,-6.523809523809524
Poland,2022-02-28,PL,comparison_country,2020-2022,2022,1,2,9,-8.857142857142858,20.571428571428573,17.714285714285715,-6.714285714285714,5.0,2.2857142857142856,-3.5238095238095233
Poland,2022-03-07,PL,comparison_country,2020-2022,2022,1,3,10,-2.2857142857142856,25.857142857142858,35.42857142857143,0.0,6.571428571428571,2.4285714285714284,1.4285714285714286
Poland,2022-03-14,PL,comparison_country,2020-2022,2022,1,3,11,-2.857142857142857,24.571428571428573,47.714285714285715,0.0,7.142857142857143,2.4285714285714284,1.4285714285714286
Poland,2022-03-21,PL,comparison_country,2020-2022,2022,1,3,12,-1.2857142857142858,25.142857142857142,65.71428571428571,1.0,7.571428571428571,2.0,2.4285714285714284
Poland,2022-03-28,PL,comparison_country,2020-2022,2022,1,3,13,-6.571428571428571,20.714285714285715,22.857142857142858,-5.857142857142857,7.571428571428571,2.857142857142857,-1.619047619047619
Poland,2022-04-04,PL,comparison_country,2020-2022,2022,2,4,14,6.285714285714286,48.285714285714285,26.285714285714285,0.2857142857142857,11.571428571428571,2.4285714285714284,6.047619047619048
Poland,2022-04-11,PL,comparison_country,2020-2022,2022,2,4,15,-7.571428571428571,25.285714285714285,58.285714285714285,-5.142857142857143,-8.285714285714286,3.2857142857142856,-7.0
Poland,2022-04-18,PL,comparison_country,2020-2022,2022,2,4,16,0.14285714285714285,30.857142857142858,62.857142857142854,-0.2857142857142857,-3.5714285714285716,3.857142857142857,-1.2380952380952388
Poland,2022-04-25,PL,comparison_country,2020-2022,2022,2,4,17,6.142857142857143,31.857142857142858,94.28571428571429,9.428571428571429,9.142857142857142,-0.42857142857142855,8.238095238095237
Poland,2022-05-02,PL,comparison_country,2020-2022,2022,2,5,18,5.285714285714286,24.428571428571427,139.42857142857142,1.4285714285714286,-9.857142857142858,2.5714285714285716,-1.047619047619048
Poland,2022-05-09,PL,comparison_country,2020-2022,2022,2,5,19,13.857142857142858,37.0,107.42857142857143,14.285714285714286,13.714285714285714,-1.8571428571428572,13.95238095238095
Poland,2022-05-16,PL,comparison_country,2020-2022,2022,2,5,20,8.714285714285714,31.571428571428573,96.85714285714286,11.142857142857142,12.571428571428571,-1.1428571428571428,10.80952380952381
Poland,2022-05-23,PL,comparison_country,2020-2022,2022,2,5,21,10.571428571428571,33.857142857142854,81.14285714285714,10.857142857142858,10.428571428571429,-0.42857142857142855,10.619047619047619
Poland,2022-05-30,PL,comparison_country,2020-2022,2022,2,5,22,14.0,36.42857142857143,121.14285714285714,15.142857142857142,12.571428571428571,-1.8571428571428572,13.904761904761907
Poland,2022-06-06,PL,comparison_country,2020-2022,2022,2,6,23,12.571428571428571,36.857142857142854,121.57142857142857,18.285714285714285,13.142857142857142,-1.8571428571428572,14.666666666666668
Poland,2022-06-13,PL,comparison_country,2020-2022,2022,2,6,24,7.285714285714286,29.142857142857142,161.14285714285714,11.714285714285714,-10.571428571428571,0.5714285714285714,2.8095238095238093
Poland,2022-06-20,PL,comparison_country,2020-2022,2022,2,6,25,17.428571428571427,59.42857142857143,138.57142857142858,18.571428571428573,11.571428571428571,-2.142857142857143,15.857142857142858
Poland,2022-06-27,PL,comparison_country,2020-2022,2022,2,6,26,10.714285714285714,36.42857142857143,145.28571428571428,14.571428571428571,1.8571428571428572,-0.8571428571428571,9.047619047619047
Poland,2022-07-04,PL,comparison_country,2020-2022,2022,3,7,27,12.857142857142858,34.857142857142854,132.71428571428572,12.857142857142858,-1.4285714285714286,-0.14285714285714285,8.095238095238097
Poland,2022-07-11,PL,comparison_country,2020-2022,2022,3,7,28,15.428571428571429,37.857142857142854,152.57142857142858,15.285714285714286,-3.4285714285714284,-0.2857142857142857,9.095238095238095
Poland,2022-07-18,PL,comparison_country,2020-2022,2022,3,7,29,12.428571428571429,38.57142857142857,194.71428571428572,14.285714285714286,-6.285714285714286,1.2857142857142858,6.80952380952381
Poland,2022-07-25,PL,comparison_country,2020-2022,2022,3,7,30,14.285714285714286,37.142857142857146,176.0,13.571428571428571,-7.714285714285714,0.8571428571428571,6.714285714285714
Poland,2022-08-01,PL,comparison_country,2020-2022,2022,3,8,31,18.0,40.57142857142857,214.42857142857142,16.428571428571427,-7.857142857142857,-0.14285714285714285,8.857142857142858
Poland,2022-08-08,PL,comparison_country,2020-2022,2022,3,8,32,20.285714285714285,42.857142857142854,207.85714285714286,16.571428571428573,-8.0,-0.42857142857142855,9.61904761904762
Poland,2022-08-15,PL,comparison_country,2020-2022,2022,3,8,33,10.285714285714286,27.0,208.0,10.571428571428571,-13.285714285714286,4.285714285714286,2.523809523809524
Poland,2022-08-22,PL,comparison_country,2020-2022,2022,3,8,34,21.142857142857142,57.285714285714285,170.85714285714286,17.142857142857142,1.7142857142857142,2.4285714285714284,13.333333333333332
Poland,2022-08-29,PL,comparison_country,2020-2022,2022,3,8,35,15.285714285714286,37.57142857142857,130.0,14.714285714285714,2.2857142857142856,1.1428571428571428,10.761904761904761
Poland,2022-09-05,PL,comparison_country,2020-2022,2022,3,9,36,8.142857142857142,33.857142857142854,98.57142857142857,14.142857142857142,3.142857142857143,0.2857142857142857,8.476190476190476
Poland,2022-09-12,PL,comparison_country,2020-2022,2022,3,9,37,5.571428571428571,30.857142857142858,78.42857142857143,11.285714285714286,4.142857142857143,0.7142857142857143,7.0
Poland,2022-09-19,PL,comparison_country,2020-2022,2022,3,9,38,5.0,31.714285714285715,77.14285714285714,11.428571428571429,6.714285714285714,0.8571428571428571,7.714285714285714
Poland,2022-09-26,PL,comparison_country,2020-2022,2022,3,9,39,4.571428571428571,30.857142857142858,64.71428571428571,11.428571428571429,8.285714285714286,1.4285714285714286,8.095238095238097
Poland,2022-10-03,PL,comparison_country,2020-2022,2022,4,10,40,6.857142857142857,32.0,83.57142857142857,15.0,10.142857142857142,0.2857142857142857,10.666666666666668
Poland,2022-10-10,PL,comparison_country,2020-2022,2022,4,10,41,9.5,32.0,80.0,14.0,7.666666666666667,0.6666666666666666,10.38888888888889
United Kingdom,2020-02-10,GB,main_country,2020-2022,2020,1,2,7,-9.5,-6.5,-31.5,-9.5,-3.5,1.5,-7.5
United Kingdom,2020-02-17,GB,main_country,2020-2022,2020,1,2,8,4.0,-1.2857142857142858,7.714285714285714,-2.2857142857142856,-10.571428571428571,2.0,-2.9523809523809526
United Kingdom,2020-02-24,GB,main_country,2020-2022,2020,1,2,9,1.1428571428571428,1.1428571428571428,-0.7142857142857143,0.14285714285714285,0.0,0.14285714285714285,0.4285714285714285
United Kingdom,2020-03-02,GB,main_country,2020-2022,2020,1,3,10,2.2857142857142856,3.142857142857143,10.285714285714286,-0.5714285714285714,0.8571428571428571,0.14285714285714285,0.8571428571428571
United Kingdom,2020-03-09,GB,main_country,2020-2022,2020,1,3,11,-3.7142857142857144,7.142857142857143,5.0,-8.714285714285714,-1.5714285714285714,1.5714285714285714,-4.666666666666667
United Kingdom,2020-03-16,GB,main_country,2020-2022,2020,1,3,12,-27.714285714285715,12.0,8.857142857142858,-35.142857142857146,-22.714285714285715,9.285714285714286,-28.523809523809526
United Kingdom,2020-03-23,GB,main_country,2020-2022,2020,1,3,13,-72.42857142857143,-28.571428571428573,-24.0,-67.85714285714286,-58.714285714285715,22.428571428571427,-66.33333333333333
United Kingdom,2020-03-30,GB,main_country,2020-2022,2020,1,3,14,-76.71428571428571,-33.285714285714285,-28.428571428571427,-72.14285714285714,-65.42857142857143,24.857142857142858,-71.42857142857143
United Kingdom,2020-04-06,GB,main_country,2020-2022,2020,2,4,15,-76.85714285714286,-33.57142857142857,-20.285714285714285,-71.0,-67.85714285714286,25.0,-71.90476190476191
United Kingdom,2020-04-13,GB,main_country,2020-2022,2020,2,4,16,-75.71428571428571,-32.57142857142857,-19.428571428571427,-70.57142857142857,-66.0,25.0,-70.76190476190477
United Kingdom,2020-04-20,GB,main_country,2020-2022,2020,2,4,17,-73.71428571428571,-29.714285714285715,-4.285714285714286,-66.28571428571429,-61.42857142857143,23.428571428571427,-67.14285714285714
United Kingdom,2020-04-27,GB,main_country,2020-2022,2020,2,4,18,-74.42857142857143,-30.571428571428573,-24.0,-67.0,-60.285714285714285,23.142857142857142,-67.23809523809524
United Kingdom,2020-05-04,GB,main_country,2020-2022,2020,2,5,19,-72.57142857142857,-26.142857142857142,1.4285714285714286,-64.28571428571429,-60.57142857142857,22.857142857142858,-65.80952380952381
United Kingdom,2020-05-11,GB,main_country,2020-2022,2020,2,5,20,-69.57142857142857,-23.857142857142858,12.285714285714286,-60.285714285714285,-55.42857142857143,21.0,-61.76190476190476
United Kingdom,2020-05-18,GB,main_country,2020-2022,2020,2,5,21,-66.28571428571429,-19.428571428571427,35.142857142857146,-57.142857142857146,-53.0,19.857142857142858,-58.80952380952381
United Kingdom,2020-05-25,GB,main_country,2020-2022,2020,2,5,22,-63.285714285714285,-15.857142857142858,75.14285714285714,-53.142857142857146,-52.142857142857146,18.857142857142858,-56.19047619047619
United Kingdom,2020-06-01,GB,main_country,2020-2022,2020,2,6,23,-62.57142857142857,-18.0,26.428571428571427,-54.142857142857146,-47.0,18.285714285714285,-54.57142857142857
United Kingdom,2020-06-08,GB,main_country,2020-2022,2020,2,6,24,-60.42857142857143,-17.714285714285715,32.285714285714285,-53.57142857142857,-43.142857142857146,17.285714285714285,-52.38095238095239
United Kingdom,2020-06-15,GB,main_country,2020-2022,2020,2,6,25,-52.857142857142854,-13.428571428571429,37.714285714285715,-49.714285714285715,-40.857142857142854,15.857142857142858,-47.80952380952381
United Kingdom,2020-06-22,GB,main_country,2020-2022,2020,2,6,26,-51.0,-11.428571428571429,61.0,-47.714285714285715,-41.42857142857143,15.0,-46.714285714285715
United Kingdom,2020-06-29,GB,main_country,2020-2022,2020,2,6,27,-47.42857142857143,-13.571428571428571,30.714285714285715,-46.42857142857143,-38.857142857142854,14.285714285714286,-44.23809523809524
United Kingdom,2020-07-06,GB,main_country,2020-2022,2020,3,7,28,-41.57142857142857,-12.285714285714286,62.0,-40.0,-37.142857142857146,12.142857142857142,-39.57142857142857
United Kingdom,2020-07-13,GB,main_country,2020-2022,2020,3,7,29,-34.714285714285715,-12.0,73.28571428571429,-40.714285714285715,-36.42857142857143,11.285714285714286,-37.285714285714285
United Kingdom,2020-07-20,GB,main_country,2020-2022,2020,3,7,30,-31.0,-12.0,85.42857142857143,-40.142857142857146,-37.0,10.857142857142858,-36.04761904761905
United Kingdom,2020-07-27,GB,main_country,2020-2022,2020,3,7,31,-28.0,-11.571428571428571,93.14285714285714,-37.714285714285715,-38.0,10.142857142857142,-34.57142857142857
United Kingdom,2020-08-03,GB,main_country,2020-2022,2020,3,8,32,-23.428571428571427,-12.571428571428571,102.71428571428571,-37.57142857142857,-37.57142857142857,9.142857142857142,-32.857142857142854
United Kingdom,2020-08-10,GB,main_country,2020-2022,2020,3,8,33,-21.428571428571427,-12.571428571428571,86.14285714285714,-38.57142857142857,-37.142857142857146,9.571428571428571,-32.38095238095239
United Kingdom,2020-08-17,GB,main_country,2020-2022,2020,3,8,34,-19.571428571428573,-14.142857142857142,72.28571428571429,-38.142857142857146,-35.57142857142857,9.285714285714286,-31.095238095238095
United Kingdom,2020-08-24,GB,main_country,2020-2022,2020,3,8,35,-14.571428571428571,-12.428571428571429,67.85714285714286,-36.0,-35.142857142857146,8.714285714285714,-28.571428571428573
United Kingdom,2020-08-31,GB,main_country,2020-2022,2020,3,8,36,-17.142857142857142,-11.142857142857142,76.85714285714286,-36.142857142857146,-36.142857142857146,8.571428571428571,-29.809523809523807
United Kingdom,2020-09-07,GB,main_country,2020-2022,2020,3,9,37,-20.857142857142858,-10.285714285714286,70.57142857142857,-32.42857142857143,-31.142857142857142,6.857142857142857,-28.142857142857142
United Kingdom,2020-09-14,GB,main_country,2020-2022,2020,3,9,38,-21.142857142857142,-10.0,83.0,-31.857142857142858,-28.0,6.857142857142857,-27.0
United Kingdom,2020-09-21,GB,main_country,2020-2022,2020,3,9,39,-24.285714285714285,-9.571428571428571,42.857142857142854,-36.285714285714285,-27.571428571428573,8.142857142857142,-29.38095238095238
United Kingdom,2020-09-28,GB,main_country,2020-2022,2020,3,9,40,-26.428571428571427,-10.0,16.0,-38.57142857142857,-26.857142857142858,9.142857142857142,-30.61904761904762
United Kingdom,2020-10-05,GB,main_country,2020-2022,2020,4,10,41,-26.714285714285715,-9.714285714285714,25.285714285714285,-37.285714285714285,-25.428571428571427,8.714285714285714,-29.809523809523807
United Kingdom,2020-10-12,GB,main_country,2020-2022,2020,4,10,42,-28.571428571428573,-9.571428571428571,22.0,-39.42857142857143,-26.714285714285715,9.571428571428571,-31.571428571428573
United Kingdom,2020-10-19,GB,main_country,2020-2022,2020,4,10,43,-29.428571428571427,-9.142857142857142,18.285714285714285,-41.714285714285715,-28.142857142857142,10.428571428571429,-33.095238095238095
United Kingdom,2020-10-26,GB,main_country,2020-2022,2020,4,10,44,-27.285714285714285,-9.0,12.714285714285714,-44.42857142857143,-34.57142857142857,11.714285714285714,-35.42857142857143
United Kingdom,2020-11-02,GB,main_country,2020-2022,2020,4,11,45,-39.142857142857146,-11.285714285714286,9.142857142857142,-47.714285714285715,-32.857142857142854,12.571428571428571,-39.904761904761905
United Kingdom,2020-11-09,GB,main_country,2020-2022,2020,4,11,46,-51.0,-13.571428571428571,1.4285714285714286,-52.285714285714285,-35.57142857142857,14.428571428571429,-46.285714285714285
United Kingdom,2020-11-16,GB,main_country,2020-2022,2020,4,11,47,-50.0,-12.0,1.0,-51.714285714285715,-35.0,14.285714285714286,-45.57142857142857
United Kingdom,2020-11-23,GB,main_country,2020-2022,2020,4,11,48,-48.42857142857143,-11.0,0.5714285714285714,-51.57142857142857,-33.857142857142854,14.0,-44.61904761904761
United Kingdom,2020-11-30,GB,main_country,2020-2022,2020,4,11,49,-36.57142857142857,-7.285714285714286,-7.714285714285714,-44.857142857142854,-28.142857142857142,12.0,-36.523809523809526
United Kingdom,2020-12-07,GB,main_country,2020-2022,2020,4,12,50,-33.0,-5.428571428571429,-8.285714285714286,-42.857142857142854,-27.142857142857142,11.285714285714286,-34.333333333333336
United Kingdom,2020-12-14,GB,main_country,2020-2022,2020,4,12,51,-32.57142857142857,-2.0,-1.2857142857142858,-43.42857142857143,-28.714285714285715,11.571428571428571,-34.904761904761905
United Kingdom,2020-12-21,GB,main_country,2020-2022,2020,4,12,52,-49.285714285714285,-15.714285714285714,-6.142857142857143,-62.42857142857143,-55.0,17.571428571428573,-55.57142857142857
United Kingdom,2020-12-28,GB,main_country,2020-2022,2020,4,12,53,-58.285714285714285,-21.142857142857142,5.285714285714286,-67.71428571428571,-61.57142857142857,22.285714285714285,-62.523809523809526
United Kingdom,2021-01-04,GB,main_country,2020-2022,2021,1,1,1,-62.57142857142857,-22.0,-14.857142857142858,-63.714285714285715,-44.42857142857143,18.571428571428573,-56.904761904761905
United Kingdom,2021-01-11,GB,main_country,2020-2022,2021,1,1,2,-64.42857142857143,-25.857142857142858,-17.0,-64.42857142857143,-45.857142857142854,18.571428571428573,-58.23809523809524
United Kingdom,2021-01-18,GB,main_country,2020-2022,2021,1,1,3,-64.28571428571429,-25.142857142857142,-13.285714285714286,-64.28571428571429,-45.857142857142854,18.142857142857142,-58.142857142857146
United Kingdom,2021-01-25,GB,main_country,2020-2022,2021,1,1,4,-62.0,-21.714285714285715,-14.857142857142858,-63.285714285714285,-45.0,17.857142857142858,-56.76190476190476
United Kingdom,2021-02-01,GB,main_country,2020-2022,2021,1,2,5,-61.285714285714285,-20.857142857142858,-11.857142857142858,-63.0,-44.142857142857146,17.571428571428573,-56.142857142857146
United Kingdom,2021-02-08,GB,main_country,2020-2022,2021,1,2,6,-60.57142857142857,-17.0,-15.857142857142858,-63.285714285714285,-44.57142857142857,17.714285714285715,-56.142857142857146
United Kingdom,2021-02-15,GB,main_country,2020-2022,2021,1,2,7,-56.57142857142857,-14.571428571428571,7.571428571428571,-60.285714285714285,-44.714285714285715,17.142857142857142,-53.857142857142854
United Kingdom,2021-02-22,GB,main_country,2020-2022,2021,1,2,8,-53.714285714285715,-11.428571428571429,24.571428571428573,-57.57142857142857,-39.857142857142854,15.714285714285714,-50.38095238095237
United Kingdom,2021-03-01,GB,main_country,2020-2022,2021,1,3,9,-53.57142857142857,-10.571428571428571,10.857142857142858,-57.714285714285715,-39.142857142857146,15.571428571428571,-50.142857142857146
United Kingdom,2021-03-08,GB,main_country,2020-2022,2021,1,3,10,-52.857142857142854,-6.142857142857143,1.2857142857142858,-54.714285714285715,-35.42857142857143,14.285714285714286,-47.66666666666667
United Kingdom,2021-03-15,GB,main_country,2020-2022,2021,1,3,11,-51.285714285714285,-7.0,24.714285714285715,-51.857142857142854,-34.57142857142857,13.571428571428571,-45.904761904761905
United Kingdom,2021-03-22,GB,main_country,2020-2022,2021,1,3,12,-50.57142857142857,-5.714285714285714,20.142857142857142,-51.857142857142854,-34.42857142857143,13.428571428571429,-45.61904761904761
United Kingdom,2021-03-29,GB,main_country,2020-2022,2021,1,3,13,-48.142857142857146,-2.857142857142857,69.57142857142857,-49.57142857142857,-40.714285714285715,12.714285714285714,-46.142857142857146
United Kingdom,2021-04-05,GB,main_country,2020-2022,2021,2,4,14,-48.714285714285715,-6.142857142857143,40.0,-53.714285714285715,-43.42857142857143,14.857142857142858,-48.61904761904761
United Kingdom,2021-04-12,GB,main_country,2020-2022,2021,2,4,15,-28.285714285714285,0.7142857142857143,65.0,-38.857142857142854,-33.857142857142854,9.571428571428571,-33.666666666666664
United Kingdom,2021-04-19,GB,main_country,2020-2022,2021,2,4,16,-29.285714285714285,1.8571428571428572,64.42857142857143,-38.0,-27.142857142857142,8.428571428571429,-31.476190476190478
United Kingdom,2021-04-26,GB,main_country,2020-2022,2021,2,4,17,-27.857142857142858,2.142857142857143,45.57142857142857,-38.0,-27.285714285714285,8.571428571428571,-31.047619047619047
United Kingdom,2021-05-03,GB,main_country,2020-2022,2021,2,5,18,-30.857142857142858,-0.2857142857142857,30.714285714285715,-42.42857142857143,-32.42857142857143,10.714285714285714,-35.238095238095234
United Kingdom,2021-05-10,GB,main_country,2020-2022,2021,2,5,19,-28.571428571428573,2.4285714285714284,36.0,-38.857142857142854,-25.857142857142858,8.857142857142858,-31.0952380952381
United Kingdom,2021-05-17,GB,main_country,2020-2022,2021,2,5,20,-21.714285714285715,2.0,32.57142857142857,-35.57142857142857,-23.714285714285715,7.428571428571429,-27.0
United Kingdom,2021-05-24,GB,main_country,2020-2022,2021,2,5,21,-14.571428571428571,6.857142857142857,70.14285714285714,-31.0,-23.714285714285715,5.857142857142857,-23.095238095238095
United Kingdom,2021-05-31,GB,main_country,2020-2022,2021,2,5,22,-9.428571428571429,8.0,116.14285714285714,-33.57142857142857,-35.142857142857146,7.142857142857143,-26.047619047619047
United Kingdom,2021-06-07,GB,main_country,2020-2022,2021,2,6,23,-14.142857142857142,9.0,83.14285714285714,-31.714285714285715,-21.714285714285715,5.714285714285714,-22.523809523809522
United Kingdom,2021-06-14,GB,main_country,2020-2022,2021,2,6,24,-15.0,7.428571428571429,61.285714285714285,-33.714285714285715,-22.0,6.285714285714286,-23.571428571428573
United Kingdom,2021-06-21,GB,main_country,2020-2022,2021,2,6,25,-15.0,4.428571428571429,60.714285714285715,-33.142857142857146,-22.714285714285715,6.428571428571429,-23.61904761904762
United Kingdom,2021-06-28,GB,main_country,2020-2022,2021,2,6,26,-14.857142857142858,4.428571428571429,61.42857142857143,-33.42857142857143,-24.142857142857142,6.285714285714286,-24.142857142857142
United Kingdom,2021-07-05,GB,main_country,2020-2022,2021,3,7,27,-14.142857142857142,5.714285714285714,62.0,-32.714285714285715,-23.857142857142858,6.857142857142857,-23.571428571428573
United Kingdom,2021-07-12,GB,main_country,2020-2022,2021,3,7,28,-14.571428571428571,6.285714285714286,86.0,-31.285714285714285,-26.0,6.428571428571429,-23.952380952380953
United Kingdom,2021-07-19,GB,main_country,2020-2022,2021,3,7,29,-11.428571428571429,7.142857142857143,88.28571428571429,-31.142857142857142,-28.142857142857142,6.571428571428571,-23.571428571428573
United Kingdom,2021-07-26,GB,main_country,2020-2022,2021,3,7,30,-8.571428571428571,4.285714285714286,77.0,-31.285714285714285,-30.714285714285715,7.0,-23.523809523809526
United Kingdom,2021-08-02,GB,main_country,2020-2022,2021,3,8,31,-8.142857142857142,3.857142857142857,79.28571428571429,-31.142857142857142,-31.714285714285715,7.0,-23.666666666666664
United Kingdom,2021-08-09,GB,main_country,2020-2022,2021,3,8,32,-6.0,4.857142857142857,93.71428571428571,-28.142857142857142,-30.857142857142858,6.285714285714286,-21.666666666666664
United Kingdom,2021-08-16,GB,main_country,2020-2022,2021,3,8,33,-7.285714285714286,4.0,82.0,-28.857142857142858,-30.428571428571427,6.285714285714286,-22.190476190476186
United Kingdom,2021-08-23,GB,main_country,2020-2022,2021,3,8,34,-3.5714285714285716,5.857142857142857,104.42857142857143,-25.571428571428573,-30.285714285714285,5.428571428571429,-19.809523809523807
United Kingdom,2021-08-30,GB,main_country,2020-2022,2021,3,8,35,-5.285714285714286,5.571428571428571,80.0,-28.571428571428573,-31.428571428571427,6.857142857142857,-21.761904761904763
United Kingdom,2021-09-06,GB,main_country,2020-2022,2021,3,9,36,-7.714285714285714,7.142857142857143,72.71428571428571,-24.0,-23.285714285714285,5.0,-18.333333333333336
United Kingdom,2021-09-13,GB,main_country,2020-2022,2021,3,9,37,-8.714285714285714,5.714285714285714,61.142857142857146,-23.857142857142858,-24.571428571428573,5.0,-19.047619047619047
United Kingdom,2021-09-20,GB,main_country,2020-2022,2021,3,9,38,-8.285714285714286,6.571428571428571,61.142857142857146,-22.714285714285715,-23.428571428571427,4.857142857142857,-18.142857142857142
United Kingdom,2021-09-27,GB,main_country,2020-2022,2021,3,9,39,-11.714285714285714,4.142857142857143,21.142857142857142,-26.428571428571427,-24.428571428571427,6.142857142857143,-20.857142857142858
United Kingdom,2021-10-04,GB,main_country,2020-2022,2021,4,10,40,-10.285714285714286,3.142857142857143,34.57142857142857,-26.571428571428573,-23.571428571428573,5.285714285714286,-20.142857142857142
United Kingdom,2021-10-11,GB,main_country,2020-2022,2021,4,10,41,-10.285714285714286,3.2857142857142856,34.42857142857143,-26.714285714285715,-23.285714285714285,5.428571428571429,-20.095238095238095
United Kingdom,2021-10-18,GB,main_country,2020-2022,2021,4,10,42,-10.857142857142858,2.7142857142857144,26.0,-26.714285714285715,-24.428571428571427,6.0,-20.666666666666664
United Kingdom,2021-10-25,GB,main_country,2020-2022,2021,4,10,43,-5.714285714285714,4.857142857142857,34.57142857142857,-27.142857142857142,-30.428571428571427,6.428571428571429,-21.095238095238095
United Kingdom,2021-11-01,GB,main_country,2020-2022,2021,4,11,44,-10.142857142857142,4.285714285714286,21.142857142857142,-26.142857142857142,-22.714285714285715,5.857142857142857,-19.666666666666664
United Kingdom,2021-11-08,GB,main_country,2020-2022,2021,4,11,45,-10.142857142857142,4.285714285714286,16.428571428571427,-26.142857142857142,-21.857142857142858,5.571428571428571,-19.38095238095238
United Kingdom,2021-11-15,GB,main_country,2020-2022,2021,4,11,46,-8.857142857142858,4.428571428571429,16.571428571428573,-25.285714285714285,-21.714285714285715,5.428571428571429,-18.61904761904762
United Kingdom,2021-11-22,GB,main_country,2020-2022,2021,4,11,47,-9.142857142857142,4.0,5.857142857142857,-26.714285714285715,-22.285714285714285,6.0,-19.38095238095238
United Kingdom,2021-11-29,GB,main_country,2020-2022,2021,4,11,48,-7.857142857142857,4.857142857142857,2.857142857142857,-26.714285714285715,-22.0,6.285714285714286,-18.857142857142858
United Kingdom,2021-12-06,GB,main_country,2020-2022,2021,4,12,49,-8.571428571428571,4.571428571428571,-1.4285714285714286,-27.714285714285715,-20.428571428571427,6.142857142857143,-18.9047619047619
United Kingdom,2021-12-13,GB,main_country,2020-2022,2021,4,12,50,-6.142857142857143,9.571428571428571,5.571428571428571,-31.0,-22.142857142857142,7.0,-19.761904761904763
United Kingdom,2021-12-20,GB,main_country,2020-2022,2021,4,12,51,-19.142857142857142,-0.8571428571428571,-3.857142857142857,-48.42857142857143,-48.285714285714285,10.714285714285714,-38.61904761904761
United Kingdom,2021-12-27,GB,main_country,2020-2022,2021,4,12,52,-22.714285714285715,-10.428571428571429,11.285714285714286,-50.857142857142854,-58.714285714285715,15.428571428571429,-44.095238095238095
United Kingdom,2022-01-03,GB,main_country,2020-2022,2022,1,1,1,-25.285714285714285,-4.714285714285714,-3.2857142857142856,-45.857142857142854,-33.857142857142854,12.857142857142858,-35.0
United Kingdom,2022-01-10,GB,main_country,2020-2022,2022,1,1,2,-21.428571428571427,-2.2857142857142856,6.285714285714286,-38.857142857142854,-23.285714285714285,8.857142857142858,-27.857142857142858
United Kingdom,2022-01-17,GB,main_country,2020-2022,2022,1,1,3,-19.571428571428573,-2.142857142857143,8.857142857142858,-35.285714285714285,-22.428571428571427,7.857142857142857,-25.761904761904763
United Kingdom,2022-01-24,GB,main_country,2020-2022,2022,1,1,4,-16.428571428571427,-1.5714285714285714,10.428571428571429,-32.57142857142857,-21.857142857142858,7.285714285714286,-23.61904761904762
United Kingdom,2022-01-31,GB,main_country,2020-2022,2022,1,1,5,-15.857142857142858,-1.0,4.857142857142857,-31.0,-21.428571428571427,6.857142857142857,-22.761904761904763
United Kingdom,2022-02-07,GB,main_country,2020-2022,2022,1,2,6,-14.571428571428571,0.5714285714285714,7.714285714285714,-28.714285714285715,-21.428571428571427,6.428571428571429,-21.571428571428573
United Kingdom,2022-02-14,GB,main_country,2020-2022,2022,1,2,7,-16.857142857142858,-2.5714285714285716,-2.5714285714285716,-33.0,-26.285714285714285,7.714285714285714,-25.380952380952383
United Kingdom,2022-02-21,GB,main_country,2020-2022,2022,1,2,8,-10.857142857142858,0.5714285714285714,23.0,-27.285714285714285,-24.428571428571427,5.857142857142857,-20.857142857142858
United Kingdom,2022-02-28,GB,main_country,2020-2022,2022,1,2,9,-14.714285714285714,1.1428571428571428,8.714285714285714,-29.285714285714285,-20.571428571428573,5.571428571428571,-21.523809523809522
United Kingdom,2022-03-07,GB,main_country,2020-2022,2022,1,3,10,-16.571428571428573,-0.5714285714285714,11.571428571428571,-30.142857142857142,-20.285714285714285,5.285714285714286,-22.333333333333336
United Kingdom,2022-03-14,GB,main_country,2020-2022,2022,1,3,11,-15.428571428571429,-0.7142857142857143,27.428571428571427,-28.714285714285715,-21.142857142857142,5.142857142857143,-21.761904761904763
United Kingdom,2022-03-21,GB,main_country,2020-2022,2022,1,3,12,-12.714285714285714,3.857142857142857,43.142857142857146,-26.857142857142858,-20.571428571428573,4.142857142857143,-20.047619047619047
United Kingdom,2022-03-28,GB,main_country,2020-2022,2022,1,3,13,-16.142857142857142,0.2857142857142857,15.428571428571429,-29.714285714285715,-20.714285714285715,5.285714285714286,-22.190476190476193
United Kingdom,2022-04-04,GB,main_country,2020-2022,2022,2,4,14,-14.857142857142858,1.0,22.142857142857142,-28.714285714285715,-23.142857142857142,5.142857142857143,-22.238095238095237
United Kingdom,2022-04-11,GB,main_country,2020-2022,2022,2,4,15,-12.428571428571429,0.14285714285714285,64.0,-28.571428571428573,-34.857142857142854,5.714285714285714,-25.285714285714285
United Kingdom,2022-04-18,GB,main_country,2020-2022,2022,2,4,16,-11.428571428571429,2.7142857142857144,55.57142857142857,-28.142857142857142,-29.714285714285715,5.571428571428571,-23.095238095238095
United Kingdom,2022-04-25,GB,main_country,2020-2022,2022,2,4,17,-9.285714285714286,5.857142857142857,34.0,-22.857142857142858,-18.285714285714285,3.142857142857143,-16.80952380952381
United Kingdom,2022-05-02,GB,main_country,2020-2022,2022,2,5,18,-8.857142857142858,4.142857142857143,47.142857142857146,-25.428571428571427,-24.285714285714285,4.285714285714286,-19.523809523809522
United Kingdom,2022-05-09,GB,main_country,2020-2022,2022,2,5,19,-11.571428571428571,5.142857142857143,35.714285714285715,-23.142857142857142,-17.571428571428573,3.0,-17.428571428571427
United Kingdom,2022-05-16,GB,main_country,2020-2022,2022,2,5,20,-10.714285714285714,5.714285714285714,42.857142857142854,-22.0,-17.571428571428573,2.7142857142857144,-16.761904761904763
United Kingdom,2022-05-23,GB,main_country,2020-2022,2022,2,5,21,-9.857142857142858,6.428571428571429,38.857142857142854,-20.428571428571427,-18.0,2.7142857142857144,-16.095238095238095
United Kingdom,2022-05-30,GB,main_country,2020-2022,2022,2,5,22,-6.285714285714286,5.285714285714286,72.85714285714286,-24.857142857142858,-37.42857142857143,5.428571428571429,-22.857142857142858
United Kingdom,2022-06-06,GB,main_country,2020-2022,2022,2,6,23,-11.428571428571429,6.714285714285714,43.42857142857143,-21.142857142857142,-18.714285714285715,3.2857142857142856,-17.095238095238095
United Kingdom,2022-06-13,GB,main_country,2020-2022,2022,2,6,24,-9.285714285714286,9.285714285714286,53.857142857142854,-19.285714285714285,-18.285714285714285,2.7142857142857144,-15.619047619047619
United Kingdom,2022-06-20,GB,main_country,2020-2022,2022,2,6,25,-10.0,8.285714285714286,58.0,-25.714285714285715,-19.428571428571427,3.142857142857143,-18.38095238095238
United Kingdom,2022-06-27,GB,main_country,2020-2022,2022,2,6,26,-9.142857142857142,6.714285714285714,44.0,-18.857142857142858,-19.428571428571427,3.2857142857142856,-15.80952380952381
United Kingdom,2022-07-04,GB,main_country,2020-2022,2022,3,7,27,-9.714285714285714,7.857142857142857,63.142857142857146,-19.0,-21.0,2.857142857142857,-16.571428571428573
United Kingdom,2022-07-11,GB,main_country,2020-2022,2022,3,7,28,-10.0,8.857142857142858,64.42857142857143,-19.571428571428573,-21.857142857142858,3.2857142857142856,-17.142857142857142
United Kingdom,2022-07-18,GB,main_country,2020-2022,2022,3,7,29,-10.571428571428571,7.857142857142857,52.42857142857143,-23.0,-23.428571428571427,6.142857142857143,-19.0
United Kingdom,2022-07-25,GB,main_country,2020-2022,2022,3,7,30,-5.285714285714286,7.428571428571429,69.14285714285714,-21.428571428571427,-26.714285714285715,4.142857142857143,-17.809523809523807
United Kingdom,2022-08-01,GB,main_country,2020-2022,2022,3,8,31,-5.714285714285714,7.428571428571429,81.57142857142857,-19.142857142857142,-27.857142857142858,3.857142857142857,-17.571428571428573
United Kingdom,2022-08-08,GB,main_country,2020-2022,2022,3,8,32,-9.142857142857142,7.857142857142857,87.42857142857143,-21.0,-28.0,3.5714285714285716,-19.38095238095238
United Kingdom,2022-08-15,GB,main_country,2020-2022,2022,3,8,33,-7.428571428571429,6.142857142857143,67.14285714285714,-24.142857142857142,-26.714285714285715,6.142857142857143,-19.428571428571427
United Kingdom,2022-08-22,GB,main_country,2020-2022,2022,3,8,34,-5.285714285714286,6.285714285714286,75.85714285714286,-19.428571428571427,-27.142857142857142,5.285714285714286,-17.285714285714285
United Kingdom,2022-08-29,GB,main_country,2020-2022,2022,3,8,35,-6.0,6.285714285714286,63.57142857142857,-22.857142857142858,-30.0,5.0,-19.61904761904762
United Kingdom,2022-09-05,GB,main_country,2020-2022,2022,3,9,36,-11.428571428571429,5.571428571428571,33.714285714285715,-20.285714285714285,-20.714285714285715,3.5714285714285716,-17.476190476190474
United Kingdom,2022-09-12,GB,main_country,2020-2022,2022,3,9,37,-8.857142857142858,9.571428571428571,40.714285714285715,-17.571428571428573,-20.571428571428573,2.5714285714285716,-15.666666666666668
United Kingdom,2022-09-19,GB,main_country,2020-2022,2022,3,9,38,-16.428571428571427,0.2857142857142857,36.0,-22.428571428571427,-27.714285714285715,5.428571428571429,-22.190476190476193
United Kingdom,2022-09-26,GB,main_country,2020-2022,2022,3,9,39,-8.857142857142858,8.0,21.285714285714285,-19.857142857142858,-20.142857142857142,3.4285714285714284,-16.285714285714285
United Kingdom,2022-10-03,GB,main_country,2020-2022,2022,4,10,40,-10.0,7.0,22.714285714285715,-21.571428571428573,-19.142857142857142,3.7142857142857144,-16.904761904761905
United Kingdom,2022-10-10,GB,main_country,2020-2022,2022,4,10,41,-10.333333333333334,7.333333333333333,22.666666666666668,-20.5,-21.666666666666668,4.333333333333333,-17.5
