location,iso_code,location_type,date,year,month,month_label,pandemic_period,production_monthly_change_percent,cpih_12mo_change_percent,house_price_average_value,house_price_annual_change_percent,unemployment_percent
United Kingdom,GBR,main_country_economy,2018-01-01,2018,1,2018-01,2020-2022,-1.7,2.7,224543.7559,4.321261299,4.2
United Kingdom,GBR,main_country_economy,2018-01-01,2018,1,2018-01,2020-2022,-1.7,2.7,224543.7559,4.321261299,4.2
United Kingdom,GBR,main_country_economy,2018-02-01,2018,2,2018-02,2020-2022,-0.3,2.5,225131.191,4.373586512,4.2
United Kingdom,GBR,main_country_economy,2018-03-01,2018,3,2018-03,2020-2022,0.4,2.3,223772.1802,3.96579378,4.2
United Kingdom,GBR,main_country_economy,2018-04-01,2018,4,2018-04,2020-2022,1.2,2.2,225910.188,3.32443302,4.0
United Kingdom,GBR,main_country_economy,2018-04-01,2018,4,2018-04,2020-2022,1.2,2.2,225910.188,3.32443302,4.2
United Kingdom,GBR,main_country_economy,2018-05-01,2018,5,2018-05,2020-2022,1.0,2.3,226833.8665,3.128024088,4.0
United Kingdom,GBR,main_country_economy,2018-06-01,2018,6,2018-06,2020-2022,2.6,2.3,228355.3098,2.939967195,4.0
United Kingdom,GBR,main_country_economy,2018-07-01,2018,7,2018-07,2020-2022,0.0,2.3,231187.016,2.878205695,4.1
United Kingdom,GBR,main_country_economy,2018-07-01,2018,7,2018-07,2020-2022,0.0,2.3,231187.016,2.878205695,4.0
United Kingdom,GBR,main_country_economy,2018-08-01,2018,8,2018-08,2020-2022,1.2,2.4,231897.7019,2.728618793,4.1
United Kingdom,GBR,main_country_economy,2018-09-01,2018,9,2018-09,2020-2022,0.4,2.2,231454.2502,2.916574322,4.1
United Kingdom,GBR,main_country_economy,2018-10-01,2018,10,2018-10,2020-2022,0.8,2.2,231211.2302,2.718397552,4.0
United Kingdom,GBR,main_country_economy,2018-10-01,2018,10,2018-10,2020-2022,0.8,2.2,231211.2302,2.718397552,4.0
United Kingdom,GBR,main_country_economy,2018-11-01,2018,11,2018-11,2020-2022,0.5,2.2,230224.3035,2.571424617,4.0
United Kingdom,GBR,main_country_economy,2018-12-01,2018,12,2018-12,2020-2022,0.1,2.0,229729.2591,1.95237295,3.9
United Kingdom,GBR,main_country_economy,2019-01-01,2019,1,2019-01,2020-2022,0.7,1.8,228314.4927,1.679288212,3.8
United Kingdom,GBR,main_country_economy,2019-01-01,2019,1,2019-01,2020-2022,0.7,1.8,228314.4927,1.679288212,3.9
United Kingdom,GBR,main_country_economy,2019-02-01,2019,2,2019-02,2020-2022,0.2,1.8,227738.4642,1.15811283,3.8
United Kingdom,GBR,main_country_economy,2019-03-01,2019,3,2019-03,2020-2022,1.2,1.8,227103.9623,1.488917027,3.8
United Kingdom,GBR,main_country_economy,2019-04-01,2019,4,2019-04,2020-2022,-3.0,2.0,228749.3498,1.256765733,3.9
United Kingdom,GBR,main_country_economy,2019-04-01,2019,4,2019-04,2020-2022,-3.0,2.0,228749.3498,1.256765733,3.8
United Kingdom,GBR,main_country_economy,2019-05-01,2019,5,2019-05,2020-2022,1.0,1.9,229061.1192,0.981887199,3.9
United Kingdom,GBR,main_country_economy,2019-06-01,2019,6,2019-06,2020-2022,-0.7,1.9,230049.0452,0.741710534,3.8
United Kingdom,GBR,main_country_economy,2019-07-01,2019,7,2019-07,2020-2022,0.3,2.0,232618.1464,0.619035766,3.8
United Kingdom,GBR,main_country_economy,2019-07-01,2019,7,2019-07,2020-2022,0.3,2.0,232618.1464,0.619035766,3.9
United Kingdom,GBR,main_country_economy,2019-08-01,2019,8,2019-08,2020-2022,-0.9,1.7,233366.1371,0.633225427,3.8
United Kingdom,GBR,main_country_economy,2019-09-01,2019,9,2019-09,2020-2022,0.6,1.7,233536.15,0.899486505,3.8
United Kingdom,GBR,main_country_economy,2019-10-01,2019,10,2019-10,2020-2022,0.5,1.5,232919.4018,0.738792672,3.8
United Kingdom,GBR,main_country_economy,2019-10-01,2019,10,2019-10,2020-2022,0.5,1.5,232919.4018,0.738792672,3.8
United Kingdom,GBR,main_country_economy,2019-11-01,2019,11,2019-11,2020-2022,-0.9,1.5,232096.426,0.813173291,3.8
United Kingdom,GBR,main_country_economy,2019-12-01,2019,12,2019-12,2020-2022,-0.4,1.4,231792.2947,0.898029112,3.9
United Kingdom,GBR,main_country_economy,2020-01-01,2020,1,2020-01,2020-2022,-0.1,1.8,231939.909,1.587904592,4.0
United Kingdom,GBR,main_country_economy,2020-01-01,2020,1,2020-01,2020-2022,-0.1,1.8,231939.909,1.587904592,4.0
United Kingdom,GBR,main_country_economy,2020-02-01,2020,2,2020-02,2020-2022,0.3,1.7,230609.0017,1.260453523,4.0
United Kingdom,GBR,main_country_economy,2020-03-01,2020,3,2020-03,2020-2022,-5.8,1.5,232683.8062,2.45695574,4.0
United Kingdom,GBR,main_country_economy,2020-04-01,2020,4,2020-04,2020-2022,-20.8,0.9,230317.758,0.685644903,4.1
United Kingdom,GBR,main_country_economy,2020-04-01,2020,4,2020-04,2020-2022,-20.8,0.9,230317.758,0.685644903,4.1
United Kingdom,GBR,main_country_economy,2020-05-01,2020,5,2020-05,2020-2022,6.3,0.7,231507.7098,1.068095099,4.1
United Kingdom,GBR,main_country_economy,2020-06-01,2020,6,2020-06,2020-2022,11.1,0.8,234703.2452,2.023133785,4.3
United Kingdom,GBR,main_country_economy,2020-07-01,2020,7,2020-07,2020-2022,5.7,1.1,236686.9285,1.749125012,4.5
United Kingdom,GBR,main_country_economy,2020-07-01,2020,7,2020-07,2020-2022,5.7,1.1,236686.9285,1.749125012,4.8
United Kingdom,GBR,main_country_economy,2020-08-01,2020,8,2020-08,2020-2022,1.8,0.5,238997.6916,2.413184117,4.8
United Kingdom,GBR,main_country_economy,2020-09-01,2020,9,2020-09,2020-2022,0.8,0.7,241541.4024,3.427842928,5.0
United Kingdom,GBR,main_country_economy,2020-10-01,2020,10,2020-10,2020-2022,0.9,0.9,243575.4827,4.575007859,5.2
United Kingdom,GBR,main_country_economy,2020-10-01,2020,10,2020-10,2020-2022,0.9,0.9,243575.4827,4.575007859,5.1
United Kingdom,GBR,main_country_economy,2020-11-01,2020,11,2020-11,2020-2022,1.0,0.6,246064.9811,6.018427474,5.2
United Kingdom,GBR,main_country_economy,2020-12-01,2020,12,2020-12,2020-2022,-0.4,0.8,247983.412,6.98518355,5.1
United Kingdom,GBR,main_country_economy,2021-01-01,2021,1,2021-01,2020-2022,-1.3,0.9,249689.7824,7.652789652,4.9
United Kingdom,GBR,main_country_economy,2021-01-01,2021,1,2021-01,2020-2022,-1.3,0.9,249689.7824,7.652789652,5.0
United Kingdom,GBR,main_country_economy,2021-02-01,2021,2,2021-02,2020-2022,0.8,0.7,249586.3502,8.229231453,4.9
United Kingdom,GBR,main_country_economy,2021-03-01,2021,3,2021-03,2020-2022,1.2,1.0,253677.6117,9.022460948,4.8
United Kingdom,GBR,main_country_economy,2021-04-01,2021,4,2021-04,2020-2022,-0.6,1.6,250629.7669,8.819124099,4.7
United Kingdom,GBR,main_country_economy,2021-04-01,2021,4,2021-04,2020-2022,-0.6,1.6,250629.7669,8.819124099,4.8
United Kingdom,GBR,main_country_economy,2021-05-01,2021,5,2021-05,2020-2022,1.1,2.1,251972.9465,8.839980631,4.7
United Kingdom,GBR,main_country_economy,2021-06-01,2021,6,2021-06,2020-2022,-1.4,2.4,266282.7571,13.45508108,4.6
United Kingdom,GBR,main_country_economy,2021-07-01,2021,7,2021-07,2020-2022,0.9,2.1,254564.4381,7.553230625,4.3
United Kingdom,GBR,main_country_economy,2021-07-01,2021,7,2021-07,2020-2022,0.9,2.1,254564.4381,7.553230625,4.5
United Kingdom,GBR,main_country_economy,2021-08-01,2021,8,2021-08,2020-2022,0.4,3.0,261306.1983,9.334193349,4.3
United Kingdom,GBR,main_country_economy,2021-09-01,2021,9,2021-09,2020-2022,-0.6,2.9,269252.359,11.47254938,4.2
United Kingdom,GBR,main_country_economy,2021-10-01,2021,10,2021-10,2020-2022,-0.7,3.8,265133.6963,8.850732152,4.1
United Kingdom,GBR,main_country_economy,2021-10-01,2021,10,2021-10,2020-2022,-0.7,3.8,265133.6963,8.850732152,4.1
United Kingdom,GBR,main_country_economy,2021-11-01,2021,11,2021-11,2020-2022,1.0,4.6,270441.8209,9.906667619,4.1
United Kingdom,GBR,main_country_economy,2021-12-01,2021,12,2021-12,2020-2022,0.4,4.8,272369.6906,9.83383462,3.9
United Kingdom,GBR,main_country_economy,2022-01-01,2022,1,2022-01,2020-2022,0.9,4.9,275282.0337,10.24961896,3.8
United Kingdom,GBR,main_country_economy,2022-02-01,2022,2,2022-02,2020-2022,-0.3,5.5,276755.0053,10.88547313,
United Kingdom,GBR,main_country_economy,2022-03-01,2022,3,2022-03,2020-2022,-0.2,6.2,,,
United Kingdom,GBR,main_country_economy,2022-04-01,2022,4,2022-04,2020-2022,,7.8,,,
