location,week_start,iso_code,country_reference,location_type,year,quarter,month,iso_week,pandemic_period,ukhsa_covid_deaths_weekly,ukhsa_hospital_admissions_weekly_sum,ukhsa_occupied_beds_weekly_avg,ukhsa_pcr_tests_weekly_sum,ukhsa_pcr_positivity_weekly_avg
England,2020-02-03,ENG,United Kingdom,england_detail,2020,1,2,6,2020-2022,,,,1333.0,0.905
England,2020-02-10,ENG,United Kingdom,england_detail,2020,1,2,7,2020-2022,,,,16758.0,0.42857142857142855
England,2020-02-17,ENG,United Kingdom,england_detail,2020,1,2,8,2020-2022,,,,17066.0,0.12714285714285714
England,2020-02-24,ENG,United Kingdom,england_detail,2020,1,2,9,2020-2022,,,,31741.0,0.5085714285714286
England,2020-03-02,ENG,United Kingdom,england_detail,2020,1,3,10,2020-2022,,,,65833.0,2.5357142857142856
England,2020-03-09,ENG,United Kingdom,england_detail,2020,1,3,11,2020-2022,,,,106688.0,8.001428571428571
England,2020-03-16,ENG,United Kingdom,england_detail,2020,1,3,12,2020-2022,,,,211109.0,14.215714285714284
England,2020-03-23,ENG,United Kingdom,england_detail,2020,1,3,13,2020-2022,,,,308101.0,27.364285714285717
England,2020-03-30,ENG,United Kingdom,england_detail,2020,1,3,14,2020-2022,,,,417646.0,38.77571428571429
England,2020-04-06,ENG,United Kingdom,england_detail,2020,2,4,15,2020-2022,,,,510935.0,39.26428571428572
England,2020-04-13,ENG,United Kingdom,england_detail,2020,2,4,16,2020-2022,,,,590098.0,32.16285714285714
England,2020-04-20,ENG,United Kingdom,england_detail,2020,2,4,17,2020-2022,,,,901143.0,23.752857142857142
England,2020-04-27,ENG,United Kingdom,england_detail,2020,2,4,18,2020-2022,,,,2019053.0,11.180000000000001
England,2020-05-04,ENG,United Kingdom,england_detail,2020,2,5,19,2020-2022,,,,2639820.0,6.627142857142857
England,2020-05-11,ENG,United Kingdom,england_detail,2020,2,5,20,2020-2022,,,,2839093.0,5.341428571428572
England,2020-05-18,ENG,United Kingdom,england_detail,2020,2,5,21,2020-2022,,,,3114150.0,4.207142857142857
England,2020-05-25,ENG,United Kingdom,england_detail,2020,2,5,22,2020-2022,,,,2898853.0,3.5300000000000002
England,2020-06-01,ENG,United Kingdom,england_detail,2020,2,6,23,2020-2022,,,,3152442.0,2.674285714285714
England,2020-06-08,ENG,United Kingdom,england_detail,2020,2,6,24,2020-2022,,,,3233219.0,2.044285714285714
England,2020-06-15,ENG,United Kingdom,england_detail,2020,2,6,25,2020-2022,,,,2847040.0,2.067142857142857
England,2020-06-22,ENG,United Kingdom,england_detail,2020,2,6,26,2020-2022,,,,2767071.0,1.7842857142857143
England,2020-06-29,ENG,United Kingdom,england_detail,2020,2,6,27,2020-2022,,,,3240381.0,1.2685714285714285
England,2020-07-06,ENG,United Kingdom,england_detail,2020,3,7,28,2020-2022,,,,3742057.0,1.03
England,2020-07-13,ENG,United Kingdom,england_detail,2020,3,7,29,2020-2022,,,,4377352.0,0.8785714285714287
England,2020-07-20,ENG,United Kingdom,england_detail,2020,3,7,30,2020-2022,,,,4358379.0,0.9257142857142856
England,2020-07-27,ENG,United Kingdom,england_detail,2020,3,7,31,2020-2022,,107.0,863.0,4779306.0,0.937142857142857
England,2020-08-03,ENG,United Kingdom,england_detail,2020,3,8,32,2020-2022,,435.0,740.2857142857143,5476496.0,0.8914285714285715
England,2020-08-10,ENG,United Kingdom,england_detail,2020,3,8,33,2020-2022,,356.0,655.1428571428571,5752087.0,1.002857142857143
England,2020-08-17,ENG,United Kingdom,england_detail,2020,3,8,34,2020-2022,,323.0,569.8571428571429,6276217.0,0.9271428571428572
England,2020-08-24,ENG,United Kingdom,england_detail,2020,3,8,35,2020-2022,,356.0,489.2857142857143,6496104.0,0.9685714285714286
England,2020-08-31,ENG,United Kingdom,england_detail,2020,3,8,36,2020-2022,,504.0,476.85714285714283,6660944.0,1.4000000000000001
England,2020-09-07,ENG,United Kingdom,england_detail,2020,3,9,37,2020-2022,,893.0,599.2857142857143,8169145.0,1.7771428571428571
England,2020-09-14,ENG,United Kingdom,england_detail,2020,3,9,38,2020-2022,,1394.0,984.4285714285714,8368680.0,1.9214285714285713
England,2020-09-21,ENG,United Kingdom,england_detail,2020,3,9,39,2020-2022,,1905.0,1547.142857142857,8743291.0,2.9499999999999997
England,2020-09-28,ENG,United Kingdom,england_detail,2020,3,9,40,2020-2022,,2549.0,2131.285714285714,9134065.0,4.61
England,2020-10-05,ENG,United Kingdom,england_detail,2020,4,10,41,2020-2022,,3687.0,3152.0,10086136.0,6.367142857142857
England,2020-10-12,ENG,United Kingdom,england_detail,2020,4,10,42,2020-2022,,5213.0,4557.0,10193571.0,7.1499999999999995
England,2020-10-19,ENG,United Kingdom,england_detail,2020,4,10,43,2020-2022,,6943.0,6566.0,10823879.0,8.377142857142857
England,2020-10-26,ENG,United Kingdom,england_detail,2020,4,10,44,2020-2022,,8682.0,9049.714285714286,10763111.0,9.177142857142856
England,2020-11-02,ENG,United Kingdom,england_detail,2020,4,11,45,2020-2022,,9294.0,11110.57142857143,11979914.0,9.084285714285715
England,2020-11-09,ENG,United Kingdom,england_detail,2020,4,11,46,2020-2022,,10808.0,12943.142857142857,12149827.0,9.637142857142857
England,2020-11-16,ENG,United Kingdom,england_detail,2020,4,11,47,2020-2022,,10010.0,14343.0,11817415.0,8.657142857142857
England,2020-11-23,ENG,United Kingdom,england_detail,2020,4,11,48,2020-2022,,8610.0,13978.42857142857,11272611.0,6.772857142857142
England,2020-11-30,ENG,United Kingdom,england_detail,2020,4,11,49,2020-2022,,8831.0,13216.42857142857,10858380.0,6.324285714285715
England,2020-12-07,ENG,United Kingdom,england_detail,2020,4,12,50,2020-2022,,10686.0,13828.0,11333274.0,7.207142857142857
England,2020-12-14,ENG,United Kingdom,england_detail,2020,4,12,51,2020-2022,,12605.0,15710.285714285714,13716861.0,9.358571428571427
England,2020-12-21,ENG,United Kingdom,england_detail,2020,4,12,52,2020-2022,,14915.0,18165.85714285714,15218380.0,11.281428571428572
England,2020-12-28,ENG,United Kingdom,england_detail,2020,4,12,53,2020-2022,,20584.0,22671.714285714286,13121194.0,17.574285714285715
England,2021-01-04,ENG,United Kingdom,england_detail,2021,1,1,1,2020-2022,5597.0,25938.0,28376.0,16468079.0,16.74857142857143
England,2021-01-11,ENG,United Kingdom,england_detail,2021,1,1,2,2020-2022,6767.0,25834.0,32789.0,15823753.0,14.304285714285713
England,2021-01-18,ENG,United Kingdom,england_detail,2021,1,1,3,2020-2022,7956.0,23015.0,33486.42857142857,13801756.0,13.215714285714286
England,2021-01-25,ENG,United Kingdom,england_detail,2021,1,1,4,2020-2022,8063.0,17663.0,30356.571428571428,12336846.0,10.629999999999999
England,2021-02-01,ENG,United Kingdom,england_detail,2021,1,2,5,2020-2022,6990.0,13683.0,25439.85714285714,11864226.0,8.188571428571429
England,2021-02-08,ENG,United Kingdom,england_detail,2021,1,2,6,2020-2022,5464.0,10167.0,20069.428571428572,11428696.0,6.077142857142857
England,2021-02-15,ENG,United Kingdom,england_detail,2021,1,2,7,2020-2022,3891.0,7995.0,15770.0,10817179.0,5.155714285714287
England,2021-02-22,ENG,United Kingdom,england_detail,2021,1,2,8,2020-2022,2772.0,5666.0,12373.714285714286,10370717.0,4.184285714285714
England,2021-03-01,ENG,United Kingdom,england_detail,2021,1,3,9,2020-2022,1994.0,4066.0,9142.714285714286,10157170.0,2.855714285714286
England,2021-03-08,ENG,United Kingdom,england_detail,2021,1,3,10,2020-2022,1428.0,3055.0,6780.285714285715,9958035.0,2.432857142857143
England,2021-03-15,ENG,United Kingdom,england_detail,2021,1,3,11,2020-2022,912.0,2338.0,5148.857142857143,10494254.0,2.1414285714285715
England,2021-03-22,ENG,United Kingdom,england_detail,2021,1,3,12,2020-2022,687.0,1837.0,3905.714285714286,10909182.0,2.005714285714286
England,2021-03-29,ENG,United Kingdom,england_detail,2021,1,3,13,2020-2022,385.0,1341.0,2984.8571428571427,9916103.0,1.697142857142857
England,2021-04-05,ENG,United Kingdom,england_detail,2021,2,4,14,2020-2022,360.0,1220.0,2391.8571428571427,9062780.0,1.3728571428571428
England,2021-04-12,ENG,United Kingdom,england_detail,2021,2,4,15,2020-2022,346.0,974.0,1898.857142857143,10091021.0,1.0485714285714285
England,2021-04-19,ENG,United Kingdom,england_detail,2021,2,4,16,2020-2022,244.0,784.0,1538.4285714285713,10632533.0,0.8157142857142857
England,2021-04-26,ENG,United Kingdom,england_detail,2021,2,4,17,2020-2022,198.0,647.0,1218.5714285714287,10275125.0,0.7571428571428571
England,2021-05-03,ENG,United Kingdom,england_detail,2021,2,5,18,2020-2022,124.0,591.0,1007.2857142857143,9743092.0,0.7571428571428571
England,2021-05-10,ENG,United Kingdom,england_detail,2021,2,5,19,2020-2022,145.0,523.0,863.7142857142857,10307610.0,0.7585714285714287
England,2021-05-17,ENG,United Kingdom,england_detail,2021,2,5,20,2020-2022,100.0,592.0,757.8571428571429,10715134.0,0.79
England,2021-05-24,ENG,United Kingdom,england_detail,2021,2,5,21,2020-2022,92.0,605.0,756.4285714285714,11645134.0,0.9585714285714285
England,2021-05-31,ENG,United Kingdom,england_detail,2021,2,5,22,2020-2022,96.0,720.0,789.0,10993497.0,1.5571428571428572
England,2021-06-07,ENG,United Kingdom,england_detail,2021,2,6,23,2020-2022,83.0,1066.0,895.2857142857143,12270501.0,2.1957142857142857
England,2021-06-14,ENG,United Kingdom,england_detail,2021,2,6,24,2020-2022,102.0,1286.0,1097.5714285714287,13142294.0,2.795714285714286
England,2021-06-21,ENG,United Kingdom,england_detail,2021,2,6,25,2020-2022,97.0,1426.0,1287.2857142857142,14433486.0,3.81
England,2021-06-28,ENG,United Kingdom,england_detail,2021,2,6,26,2020-2022,106.0,2173.0,1565.857142857143,16218729.0,5.7457142857142856
England,2021-07-05,ENG,United Kingdom,england_detail,2021,3,7,27,2020-2022,176.0,3218.0,2226.285714285714,17587988.0,7.444285714285714
England,2021-07-12,ENG,United Kingdom,england_detail,2021,3,7,28,2020-2022,213.0,4438.0,3210.5714285714284,18204593.0,10.14
England,2021-07-19,ENG,United Kingdom,england_detail,2021,3,7,29,2020-2022,308.0,5462.0,4228.857142857143,17727255.0,10.412857142857144
England,2021-07-26,ENG,United Kingdom,england_detail,2021,3,7,30,2020-2022,389.0,5020.0,5102.0,15551949.0,7.988571428571428
England,2021-08-02,ENG,United Kingdom,england_detail,2021,3,8,31,2020-2022,502.0,4744.0,4985.428571428572,15210233.0,7.932857142857143
England,2021-08-09,ENG,United Kingdom,england_detail,2021,3,8,32,2020-2022,550.0,5032.0,5065.714285714285,15625511.0,8.107142857142858
England,2021-08-16,ENG,United Kingdom,england_detail,2021,3,8,33,2020-2022,551.0,5443.0,5547.714285714285,16302753.0,8.262857142857143
England,2021-08-23,ENG,United Kingdom,england_detail,2021,3,8,34,2020-2022,649.0,5407.0,5889.428571428572,16580383.0,7.967142857142858
England,2021-08-30,ENG,United Kingdom,england_detail,2021,3,8,35,2020-2022,632.0,5360.0,6160.285714285715,17190599.0,7.591428571428572
England,2021-09-06,ENG,United Kingdom,england_detail,2021,3,9,36,2020-2022,786.0,5309.0,6290.571428571428,17863771.0,7.405714285714285
England,2021-09-13,ENG,United Kingdom,england_detail,2021,3,9,37,2020-2022,783.0,4424.0,6064.0,18070839.0,6.048571428571429
England,2021-09-20,ENG,United Kingdom,england_detail,2021,3,9,38,2020-2022,799.0,3969.0,5282.142857142857,19678065.0,6.581428571428572
England,2021-09-27,ENG,United Kingdom,england_detail,2021,3,9,39,2020-2022,715.0,4036.0,4915.571428571428,19904216.0,6.918571428571428
England,2021-10-04,ENG,United Kingdom,england_detail,2021,4,10,40,2020-2022,582.0,4389.0,4979.857142857143,19370277.0,7.558571428571428
England,2021-10-11,ENG,United Kingdom,england_detail,2021,4,10,41,2020-2022,640.0,5250.0,5332.142857142857,19959803.0,8.811428571428571
England,2021-10-18,ENG,United Kingdom,england_detail,2021,4,10,42,2020-2022,708.0,5837.0,6286.857142857143,20450026.0,9.629999999999999
England,2021-10-25,ENG,United Kingdom,england_detail,2021,4,10,43,2020-2022,777.0,6060.0,7033.285714285715,18665713.0,9.37142857142857
England,2021-11-01,ENG,United Kingdom,england_detail,2021,4,11,44,2020-2022,892.0,5427.0,7199.0,17593941.0,8.79857142857143
England,2021-11-08,ENG,United Kingdom,england_detail,2021,4,11,45,2020-2022,943.0,5338.0,6867.571428571428,16880837.0,8.827142857142857
England,2021-11-15,ENG,United Kingdom,england_detail,2021,4,11,46,2020-2022,865.0,4728.0,6436.857142857143,18023051.0,9.487142857142857
England,2021-11-22,ENG,United Kingdom,england_detail,2021,4,11,47,2020-2022,738.0,4499.0,6077.857142857143,18864952.0,9.517142857142858
England,2021-11-29,ENG,United Kingdom,england_detail,2021,4,11,48,2020-2022,729.0,4772.0,5928.428571428572,20761424.0,9.478571428571428
England,2021-12-06,ENG,United Kingdom,england_detail,2021,4,12,49,2020-2022,708.0,5263.0,6086.857142857143,21949293.0,9.911428571428571
England,2021-12-13,ENG,United Kingdom,england_detail,2021,4,12,50,2020-2022,702.0,5595.0,6376.285714285715,24525624.0,13.581428571428571
England,2021-12-20,ENG,United Kingdom,england_detail,2021,4,12,51,2020-2022,797.0,8332.0,7121.714285714285,25787765.0,20.09714285714286
England,2021-12-27,ENG,United Kingdom,england_detail,2021,4,12,52,2020-2022,557.0,13798.0,11156.42857142857,22428815.0,29.745714285714286
England,2022-01-03,ENG,United Kingdom,england_detail,2022,1,1,1,2020-2022,857.0,14111.0,15652.42857142857,26104670.0,30.65142857142857
England,2022-01-10,ENG,United Kingdom,england_detail,2022,1,1,2,2020-2022,1308.0,13242.0,16692.285714285714,19625863.0,22.665714285714284
England,2022-01-17,ENG,United Kingdom,england_detail,2022,1,1,3,2020-2022,1378.0,11343.0,15343.142857142857,15374561.0,17.07
England,2022-01-24,ENG,United Kingdom,england_detail,2022,1,1,4,2020-2022,1323.0,10418.0,13625.142857142857,14535231.0,16.39
England,2022-01-31,ENG,United Kingdom,england_detail,2022,1,1,5,2020-2022,1162.0,9205.0,12341.714285714286,13744078.0,14.622857142857143
England,2022-02-07,ENG,United Kingdom,england_detail,2022,1,2,6,2020-2022,1025.0,7901.0,10773.142857142857,12619461.0,11.79857142857143
England,2022-02-14,ENG,United Kingdom,england_detail,2022,1,2,7,2020-2022,814.0,7072.0,9599.857142857143,9672632.0,10.49
England,2022-02-21,ENG,United Kingdom,england_detail,2022,1,2,8,2020-2022,722.0,6644.0,8670.0,7208396.0,10.587142857142856
England,2022-02-28,ENG,United Kingdom,england_detail,2022,1,2,9,2020-2022,621.0,8020.0,8420.142857142857,6444125.0,11.338571428571429
England,2022-03-07,ENG,United Kingdom,england_detail,2022,1,3,10,2020-2022,628.0,9973.0,9342.57142857143,6704242.0,16.181428571428572
England,2022-03-14,ENG,United Kingdom,england_detail,2022,1,3,11,2020-2022,650.0,12247.0,11301.714285714286,7610546.0,20.66
England,2022-03-21,ENG,United Kingdom,england_detail,2022,1,3,12,2020-2022,734.0,14056.0,13538.0,7843363.0,22.794285714285714
England,2022-03-28,ENG,United Kingdom,england_detail,2022,1,3,13,2020-2022,789.0,14753.0,15650.714285714286,7334141.0,21.16142857142857
England,2022-04-04,ENG,United Kingdom,england_detail,2022,2,4,14,2020-2022,903.0,13892.0,16355.142857142857,5227138.0,12.168571428571427
England,2022-04-11,ENG,United Kingdom,england_detail,2022,2,4,15,2020-2022,951.0,11523.0,15130.0,3929257.0,8.714285714285714
England,2022-04-18,ENG,United Kingdom,england_detail,2022,2,4,16,2020-2022,970.0,8875.0,13352.57142857143,3333268.0,7.218571428571429
England,2022-04-25,ENG,United Kingdom,england_detail,2022,2,4,17,2020-2022,1056.0,6653.0,10500.142857142857,3350165.0,5.374285714285714
England,2022-05-02,ENG,United Kingdom,england_detail,2022,2,5,18,2020-2022,690.0,5368.0,8538.285714285714,2980085.0,4.301428571428572
England,2022-05-09,ENG,United Kingdom,england_detail,2022,2,5,19,2020-2022,674.0,4469.0,6759.571428571428,2861591.0,3.712857142857143
England,2022-05-16,ENG,United Kingdom,england_detail,2022,2,5,20,2020-2022,528.0,3664.0,5405.285714285715,2602731.0,3.3814285714285717
England,2022-05-23,ENG,United Kingdom,england_detail,2022,2,5,21,2020-2022,377.0,3114.0,4390.142857142857,2620077.0,2.7085714285714286
England,2022-05-30,ENG,United Kingdom,england_detail,2022,2,5,22,2020-2022,174.0,3237.0,3916.714285714286,2332900.0,2.815714285714286
England,2022-06-06,ENG,United Kingdom,england_detail,2022,2,6,23,2020-2022,271.0,4305.0,4191.285714285715,2298375.0,3.8628571428571425
England,2022-06-13,ENG,United Kingdom,england_detail,2022,2,6,24,2020-2022,246.0,5717.0,4975.857142857143,2186574.0,5.171428571428572
England,2022-06-20,ENG,United Kingdom,england_detail,2022,2,6,25,2020-2022,270.0,7912.0,6498.0,2109374.0,6.964285714285714
England,2022-06-27,ENG,United Kingdom,england_detail,2022,2,6,26,2020-2022,309.0,10555.0,8919.142857142857,2259659.0,8.571428571428571
England,2022-07-04,ENG,United Kingdom,england_detail,2022,3,7,27,2020-2022,399.0,12935.0,11807.42857142857,2335026.0,10.174285714285714
England,2022-07-11,ENG,United Kingdom,england_detail,2022,3,7,28,2020-2022,542.0,12289.0,13717.285714285714,2437184.0,10.049999999999999
England,2022-07-18,ENG,United Kingdom,england_detail,2022,3,7,29,2020-2022,697.0,10530.0,13292.714285714286,2307445.0,8.915714285714285
England,2022-07-25,ENG,United Kingdom,england_detail,2022,3,7,30,2020-2022,745.0,8095.0,11443.142857142857,2226343.0,7.377142857142857
England,2022-08-01,ENG,United Kingdom,england_detail,2022,3,8,31,2020-2022,682.0,6842.0,9524.57142857143,2034797.0,6.264285714285714
England,2022-08-08,ENG,United Kingdom,england_detail,2022,3,8,32,2020-2022,561.0,6119.0,8364.142857142857,1841041.0,5.707142857142857
England,2022-08-15,ENG,United Kingdom,england_detail,2022,3,8,33,2020-2022,520.0,4997.0,7331.285714285715,1694541.0,4.96
England,2022-08-22,ENG,United Kingdom,england_detail,2022,3,8,34,2020-2022,419.0,4192.0,6159.571428571428,1607099.0,4.291428571428571
England,2022-08-29,ENG,United Kingdom,england_detail,2022,3,8,35,2020-2022,297.0,3704.0,5492.714285714285,1427076.0,4.037142857142857
England,2022-09-05,ENG,United Kingdom,england_detail,2022,3,9,36,2020-2022,339.0,3441.0,4880.714285714285,1219330.0,4.624285714285714
England,2022-09-12,ENG,United Kingdom,england_detail,2022,3,9,37,2020-2022,280.0,3753.0,4567.571428571428,1084502.0,5.064285714285715
England,2022-09-19,ENG,United Kingdom,england_detail,2022,3,9,38,2020-2022,217.0,5713.0,5358.857142857143,1023692.0,6.688571428571429
England,2022-09-26,ENG,United Kingdom,england_detail,2022,3,9,39,2020-2022,274.0,7558.0,7373.857142857143,1065187.0,9.135714285714286
England,2022-10-03,ENG,United Kingdom,england_detail,2022,4,10,40,2020-2022,372.0,8267.0,9713.42857142857,1126119.0,10.731428571428571
England,2022-10-10,ENG,United Kingdom,england_detail,2022,4,10,41,2020-2022,523.0,7963.0,10508.142857142857,1205299.0,9.974285714285713
England,2022-10-17,ENG,United Kingdom,england_detail,2022,4,10,42,2020-2022,647.0,6839.0,10180.714285714286,1279086.0,8.814285714285715
England,2022-10-24,ENG,United Kingdom,england_detail,2022,4,10,43,2020-2022,620.0,5079.0,8896.857142857143,1102421.0,7.998571428571429
England,2022-10-31,ENG,United Kingdom,england_detail,2022,4,10,44,2020-2022,605.0,3764.0,7015.428571428572,959380.0,6.927142857142857
England,2022-11-07,ENG,United Kingdom,england_detail,2022,4,11,45,2020-2022,478.0,3483.0,5581.857142857143,872430.0,6.24
England,2022-11-14,ENG,United Kingdom,england_detail,2022,4,11,46,2020-2022,401.0,3340.0,4924.857142857143,819986.0,6.072857142857143
England,2022-11-21,ENG,United Kingdom,england_detail,2022,4,11,47,2020-2022,333.0,3546.0,4647.571428571428,770904.0,6.597142857142857
England,2022-11-28,ENG,United Kingdom,england_detail,2022,4,11,48,2020-2022,299.0,4028.0,4968.571428571428,800469.0,7.295714285714285
England,2022-12-05,ENG,United Kingdom,england_detail,2022,4,12,49,2020-2022,295.0,5009.0,5649.714285714285,858505.0,8.241428571428571
England,2022-12-12,ENG,United Kingdom,england_detail,2022,4,12,50,2020-2022,364.0,6827.0,6917.857142857143,978912.0,9.664285714285715
England,2022-12-19,ENG,United Kingdom,england_detail,2022,4,12,51,2020-2022,397.0,7724.0,8711.142857142857,1106758.0,11.647142857142857
England,2022-12-26,ENG,United Kingdom,england_detail,2022,4,12,52,2020-2022,367.0,7039.0,9389.857142857143,991137.0,11.6
England,2023-01-02,ENG,United Kingdom,england_detail,2023,1,1,1,2023-2026,679.0,5838.0,8962.857142857143,1071206.0,10.468571428571428
England,2023-01-09,ENG,United Kingdom,england_detail,2023,1,1,2,2023-2026,849.0,4248.0,7481.857142857143,984152.0,8.147142857142857
England,2023-01-16,ENG,United Kingdom,england_detail,2023,1,1,3,2023-2026,711.0,3907.0,6128.571428571428,842689.0,6.917142857142857
England,2023-01-23,ENG,United Kingdom,england_detail,2023,1,1,4,2023-2026,545.0,4497.0,5723.285714285715,744306.0,7.777142857142857
England,2023-01-30,ENG,United Kingdom,england_detail,2023,1,1,5,2023-2026,469.0,4974.0,6149.857142857143,736527.0,9.28
England,2023-02-06,ENG,United Kingdom,england_detail,2023,1,2,6,2023-2026,432.0,5480.0,6475.285714285715,762085.0,9.927142857142856
England,2023-02-13,ENG,United Kingdom,england_detail,2023,1,2,7,2023-2026,401.0,6244.0,7284.285714285715,799875.0,10.984285714285715
England,2023-02-20,ENG,United Kingdom,england_detail,2023,1,2,8,2023-2026,399.0,5961.0,7801.571428571428,812461.0,11.322857142857144
England,2023-02-27,ENG,United Kingdom,england_detail,2023,1,2,9,2023-2026,499.0,6182.0,7502.428571428572,808598.0,10.982857142857142
England,2023-03-06,ENG,United Kingdom,england_detail,2023,1,3,10,2023-2026,521.0,6908.0,7746.285714285715,825709.0,10.712857142857143
England,2023-03-13,ENG,United Kingdom,england_detail,2023,1,3,11,2023-2026,512.0,7120.0,8363.857142857143,809953.0,11.09
England,2023-03-20,ENG,United Kingdom,england_detail,2023,1,3,12,2023-2026,584.0,6440.0,8400.0,824962.0,10.195714285714287
England,2023-03-27,ENG,United Kingdom,england_detail,2023,1,3,13,2023-2026,599.0,5876.0,7853.0,757988.0,9.228571428571428
England,2023-04-03,ENG,United Kingdom,england_detail,2023,2,4,14,2023-2026,484.0,4607.0,6898.285714285715,458988.0,10.385714285714286
England,2023-04-10,ENG,United Kingdom,england_detail,2023,2,4,15,2023-2026,439.0,4267.0,6271.0,347183.0,10.98857142857143
England,2023-04-17,ENG,United Kingdom,england_detail,2023,2,4,16,2023-2026,508.0,3684.0,5360.714285714285,330553.0,10.239999999999998
England,2023-04-24,ENG,United Kingdom,england_detail,2023,2,4,17,2023-2026,436.0,3326.0,4723.714285714285,310762.0,9.507142857142856
England,2023-05-01,ENG,United Kingdom,england_detail,2023,2,5,18,2023-2026,286.0,3063.0,4440.142857142857,272018.0,10.052857142857144
England,2023-05-08,ENG,United Kingdom,england_detail,2023,2,5,19,2023-2026,283.0,2703.0,4036.714285714286,250176.0,9.647142857142857
England,2023-05-15,ENG,United Kingdom,england_detail,2023,2,5,20,2023-2026,304.0,2278.0,3455.285714285714,231495.0,8.632857142857143
England,2023-05-22,ENG,United Kingdom,england_detail,2023,2,5,21,2023-2026,251.0,2129.0,2992.4285714285716,214011.0,8.352857142857143
England,2023-05-29,ENG,United Kingdom,england_detail,2023,2,5,22,2023-2026,175.0,1216.0,2636.4285714285716,190113.0,7.671428571428571
England,2023-06-05,ENG,United Kingdom,england_detail,2023,2,6,23,2023-2026,195.0,1708.0,2304.8571428571427,187129.0,7.027142857142857
England,2023-06-12,ENG,United Kingdom,england_detail,2023,2,6,24,2023-2026,148.0,1226.0,2044.857142857143,175255.0,5.951428571428571
England,2023-06-19,ENG,United Kingdom,england_detail,2023,2,6,25,2023-2026,141.0,843.0,1590.4285714285713,159326.0,4.677142857142857
England,2023-06-26,ENG,United Kingdom,england_detail,2023,2,6,26,2023-2026,122.0,691.0,1238.0,143516.0,3.9899999999999998
England,2023-07-03,ENG,United Kingdom,england_detail,2023,3,7,27,2023-2026,91.0,830.0,1068.2857142857142,138940.0,4.107142857142857
England,2023-07-10,ENG,United Kingdom,england_detail,2023,3,7,28,2023-2026,73.0,948.0,1072.142857142857,138501.0,4.981428571428571
England,2023-07-17,ENG,United Kingdom,england_detail,2023,3,7,29,2023-2026,61.0,1121.0,1101.5714285714287,130225.0,5.857142857142857
England,2023-07-24,ENG,United Kingdom,england_detail,2023,3,7,30,2023-2026,55.0,1560.0,1377.142857142857,139388.0,7.482857142857143
England,2023-07-31,ENG,United Kingdom,england_detail,2023,3,7,31,2023-2026,65.0,1850.0,1775.857142857143,141074.0,9.635714285714286
England,2023-08-07,ENG,United Kingdom,england_detail,2023,3,8,32,2023-2026,101.0,2249.0,2156.5714285714284,143395.0,11.162857142857144
England,2023-08-14,ENG,United Kingdom,england_detail,2023,3,8,33,2023-2026,115.0,2202.0,2469.8571428571427,142015.0,12.642857142857142
England,2023-08-21,ENG,United Kingdom,england_detail,2023,3,8,34,2023-2026,178.0,2251.0,2528.4285714285716,145486.0,12.917142857142858
England,2023-08-28,ENG,United Kingdom,england_detail,2023,3,8,35,2023-2026,136.0,2894.0,2716.8571428571427,140992.0,14.414285714285713
England,2023-09-04,ENG,United Kingdom,england_detail,2023,3,9,36,2023-2026,197.0,3228.0,3178.4285714285716,159839.0,16.242857142857144
England,2023-09-11,ENG,United Kingdom,england_detail,2023,3,9,37,2023-2026,229.0,2737.0,3147.0,163791.0,15.101428571428572
England,2023-09-18,ENG,United Kingdom,england_detail,2023,3,9,38,2023-2026,241.0,3178.0,3061.285714285714,167604.0,14.858571428571429
England,2023-09-25,ENG,United Kingdom,england_detail,2023,3,9,39,2023-2026,203.0,4036.0,3540.1428571428573,185609.0,16.898571428571426
England,2023-10-02,ENG,United Kingdom,england_detail,2023,4,10,40,2023-2026,233.0,4332.0,4214.857142857143,199526.0,17.464285714285715
England,2023-10-09,ENG,United Kingdom,england_detail,2023,4,10,41,2023-2026,318.0,3721.0,4414.285714285715,210629.0,15.904285714285715
England,2023-10-16,ENG,United Kingdom,england_detail,2023,4,10,42,2023-2026,287.0,3351.0,3942.714285714286,208864.0,13.225714285714286
England,2023-10-23,ENG,United Kingdom,england_detail,2023,4,10,43,2023-2026,297.0,2866.0,3715.285714285714,207249.0,12.42
England,2023-10-30,ENG,United Kingdom,england_detail,2023,4,10,44,2023-2026,309.0,2479.0,3344.8571428571427,212441.0,10.381428571428572
England,2023-11-06,ENG,United Kingdom,england_detail,2023,4,11,45,2023-2026,291.0,2198.0,2820.285714285714,217275.0,8.665714285714285
England,2023-11-13,ENG,United Kingdom,england_detail,2023,4,11,46,2023-2026,239.0,1955.0,2531.4285714285716,220494.0,7.951428571428571
England,2023-11-20,ENG,United Kingdom,england_detail,2023,4,11,47,2023-2026,162.0,1897.0,2317.8571428571427,220470.0,7.437142857142858
England,2023-11-27,ENG,United Kingdom,england_detail,2023,4,11,48,2023-2026,163.0,2186.0,2343.8571428571427,224138.0,7.757142857142857
England,2023-12-04,ENG,United Kingdom,england_detail,2023,4,12,49,2023-2026,167.0,2807.0,2761.5714285714284,234588.0,9.232857142857142
England,2023-12-11,ENG,United Kingdom,england_detail,2023,4,12,50,2023-2026,221.0,3305.0,3248.1428571428573,256300.0,11.062857142857142
England,2023-12-18,ENG,United Kingdom,england_detail,2023,4,12,51,2023-2026,249.0,3674.0,3641.8571428571427,269394.0,12.394285714285715
England,2023-12-25,ENG,United Kingdom,england_detail,2023,4,12,52,2023-2026,161.0,3981.0,3927.0,263895.0,12.864285714285714
England,2024-01-01,ENG,United Kingdom,england_detail,2024,1,1,1,2023-2026,292.0,3800.0,4244.857142857143,294007.0,12.824285714285713
England,2024-01-08,ENG,United Kingdom,england_detail,2024,1,1,2,2023-2026,376.0,3209.0,3946.1428571428573,274787.0,11.665714285714285
England,2024-01-15,ENG,United Kingdom,england_detail,2024,1,1,3,2023-2026,374.0,3576.0,3894.285714285714,275242.0,10.845714285714285
England,2024-01-22,ENG,United Kingdom,england_detail,2024,1,1,4,2023-2026,341.0,3302.0,3993.5714285714284,303906.0,10.732857142857142
England,2024-01-29,ENG,United Kingdom,england_detail,2024,1,1,5,2023-2026,331.0,2873.0,3599.0,302406.0,9.395714285714286
England,2024-02-05,ENG,United Kingdom,england_detail,2024,1,2,6,2023-2026,316.0,2330.0,3229.285714285714,298831.0,8.16
England,2024-02-12,ENG,United Kingdom,england_detail,2024,1,2,7,2023-2026,255.0,1848.0,2718.5714285714284,284076.0,6.622857142857143
England,2024-02-19,ENG,United Kingdom,england_detail,2024,1,2,8,2023-2026,226.0,1474.0,2275.714285714286,263553.0,5.692857142857143
England,2024-02-26,ENG,United Kingdom,england_detail,2024,1,2,9,2023-2026,196.0,1112.0,1860.4285714285713,240090.0,4.688571428571429
England,2024-03-04,ENG,United Kingdom,england_detail,2024,1,3,10,2023-2026,168.0,1258.0,1689.0,237206.0,4.57
England,2024-03-11,ENG,United Kingdom,england_detail,2024,1,3,11,2023-2026,122.0,1274.0,1674.2857142857142,240131.0,4.7942857142857145
England,2024-03-18,ENG,United Kingdom,england_detail,2024,1,3,12,2023-2026,138.0,1084.0,1556.857142857143,237559.0,4.488571428571428
England,2024-03-25,ENG,United Kingdom,england_detail,2024,1,3,13,2023-2026,110.0,1136.0,1390.857142857143,221988.0,4.421428571428572
England,2024-04-01,ENG,United Kingdom,england_detail,2024,2,4,14,2023-2026,107.0,1168.0,1474.0,212526.0,4.884285714285714
England,2024-04-08,ENG,United Kingdom,england_detail,2024,2,4,15,2023-2026,108.0,1170.0,1464.2857142857142,203755.0,5.054285714285714
England,2024-04-15,ENG,United Kingdom,england_detail,2024,2,4,16,2023-2026,116.0,1204.0,1435.142857142857,187146.0,5.618571428571428
England,2024-04-22,ENG,United Kingdom,england_detail,2024,2,4,17,2023-2026,118.0,1598.0,1574.142857142857,188086.0,6.728571428571429
England,2024-04-29,ENG,United Kingdom,england_detail,2024,2,4,18,2023-2026,103.0,2040.0,2004.0,193681.0,8.938571428571429
England,2024-05-06,ENG,United Kingdom,england_detail,2024,2,5,19,2023-2026,93.0,2122.0,2339.1428571428573,183869.0,10.29857142857143
England,2024-05-13,ENG,United Kingdom,england_detail,2024,2,5,20,2023-2026,168.0,1865.0,2296.1428571428573,181273.0,9.618571428571428
England,2024-05-20,ENG,United Kingdom,england_detail,2024,2,5,21,2023-2026,147.0,1588.0,2066.285714285714,169758.0,8.972857142857142
England,2024-05-27,ENG,United Kingdom,england_detail,2024,2,5,22,2023-2026,112.0,1621.0,1891.2857142857142,156883.0,8.711428571428572
England,2024-06-03,ENG,United Kingdom,england_detail,2024,2,6,23,2023-2026,146.0,1761.0,1884.4285714285713,163030.0,9.567142857142857
England,2024-06-10,ENG,United Kingdom,england_detail,2024,2,6,24,2023-2026,158.0,2269.0,2092.8571428571427,162417.0,11.051428571428572
England,2024-06-17,ENG,United Kingdom,england_detail,2024,2,6,25,2023-2026,149.0,2802.0,2596.8571428571427,167915.0,13.794285714285715
England,2024-06-24,ENG,United Kingdom,england_detail,2024,2,6,26,2023-2026,186.0,2732.0,2902.285714285714,169842.0,14.994285714285713
England,2024-07-01,ENG,United Kingdom,england_detail,2024,3,7,27,2023-2026,166.0,2653.0,2852.5714285714284,162174.0,14.565714285714288
England,2024-07-08,ENG,United Kingdom,england_detail,2024,3,7,28,2023-2026,204.0,3043.0,3073.8571428571427,174425.0,15.804285714285713
England,2024-07-15,ENG,United Kingdom,england_detail,2024,3,7,29,2023-2026,217.0,3153.0,3267.0,181908.0,16.248571428571427
England,2024-07-22,ENG,United Kingdom,england_detail,2024,3,7,30,2023-2026,182.0,2745.0,3261.714285714286,179929.0,15.627142857142857
England,2024-07-29,ENG,United Kingdom,england_detail,2024,3,7,31,2023-2026,203.0,2677.0,3008.714285714286,167200.0,13.944285714285714
England,2024-08-05,ENG,United Kingdom,england_detail,2024,3,8,32,2023-2026,208.0,2052.0,2622.1428571428573,152571.0,12.145714285714286
England,2024-08-12,ENG,United Kingdom,england_detail,2024,3,8,33,2023-2026,173.0,1789.0,2178.285714285714,137300.0,10.62142857142857
England,2024-08-19,ENG,United Kingdom,england_detail,2024,3,8,34,2023-2026,141.0,1409.0,1870.4285714285713,132783.0,9.29857142857143
England,2024-08-26,ENG,United Kingdom,england_detail,2024,3,8,35,2023-2026,104.0,1554.0,1821.857142857143,126572.0,9.991428571428571
England,2024-09-02,ENG,United Kingdom,england_detail,2024,3,9,36,2023-2026,106.0,1574.0,1857.4285714285713,132094.0,10.198571428571428
England,2024-09-09,ENG,United Kingdom,england_detail,2024,3,9,37,2023-2026,97.0,1819.0,1865.7142857142858,135164.0,10.302857142857144
England,2024-09-16,ENG,United Kingdom,england_detail,2024,3,9,38,2023-2026,138.0,2541.0,2167.8571428571427,151543.0,12.557142857142859
England,2024-09-23,ENG,United Kingdom,england_detail,2024,3,9,39,2023-2026,132.0,2564.0,2639.714285714286,167804.0,13.461428571428572
England,2024-09-30,ENG,United Kingdom,england_detail,2024,3,9,40,2023-2026,167.0,2978.0,2808.0,175297.0,13.612857142857143
England,2024-10-07,ENG,United Kingdom,england_detail,2024,4,10,41,2023-2026,205.0,2843.0,3238.0,191840.0,14.338571428571429
England,2024-10-14,ENG,United Kingdom,england_detail,2024,4,10,42,2023-2026,244.0,2972.0,3200.4285714285716,192788.0,13.23
England,2024-10-21,ENG,United Kingdom,england_detail,2024,4,10,43,2023-2026,273.0,2372.0,3135.1428571428573,192978.0,11.907142857142857
England,2024-10-28,ENG,United Kingdom,england_detail,2024,4,10,44,2023-2026,256.0,1748.0,2605.714285714286,187070.0,9.134285714285713
England,2024-11-04,ENG,United Kingdom,england_detail,2024,4,11,45,2023-2026,214.0,1340.0,2056.714285714286,190386.0,6.778571428571429
England,2024-11-11,ENG,United Kingdom,england_detail,2024,4,11,46,2023-2026,167.0,1119.0,1642.857142857143,192789.0,5.557142857142857
England,2024-11-18,ENG,United Kingdom,england_detail,2024,4,11,47,2023-2026,126.0,1055.0,1461.142857142857,207778.0,4.804285714285713
England,2024-11-25,ENG,United Kingdom,england_detail,2024,4,11,48,2023-2026,104.0,1063.0,1392.2857142857142,227739.0,4.312857142857143
England,2024-12-02,ENG,United Kingdom,england_detail,2024,4,12,49,2023-2026,110.0,1034.0,1343.7142857142858,253246.0,3.7542857142857144
England,2024-12-09,ENG,United Kingdom,england_detail,2024,4,12,50,2023-2026,113.0,991.0,1274.7142857142858,276861.0,3.402857142857143
England,2024-12-16,ENG,United Kingdom,england_detail,2024,4,12,51,2023-2026,115.0,1079.0,1276.5714285714287,323458.0,3.0300000000000002
England,2024-12-23,ENG,United Kingdom,england_detail,2024,4,12,52,2023-2026,53.0,861.0,1187.0,322864.0,2.5785714285714287
England,2024-12-30,ENG,United Kingdom,england_detail,2024,4,12,1,2023-2026,91.0,933.0,1128.4285714285713,348893.0,2.3771428571428572
England,2025-01-06,ENG,United Kingdom,england_detail,2025,1,1,2,2023-2026,133.0,847.0,1113.7142857142858,339653.0,2.2742857142857145
England,2025-01-13,ENG,United Kingdom,england_detail,2025,1,1,3,2023-2026,122.0,838.0,1070.0,294469.0,2.4200000000000004
England,2025-01-20,ENG,United Kingdom,england_detail,2025,1,1,4,2023-2026,84.0,716.0,996.8571428571429,264358.0,2.4699999999999998
England,2025-01-27,ENG,United Kingdom,england_detail,2025,1,1,5,2023-2026,111.0,840.0,953.1428571428571,258381.0,2.565714285714286
England,2025-02-03,ENG,United Kingdom,england_detail,2025,1,2,6,2023-2026,98.0,785.0,957.7142857142857,242099.0,2.6242857142857146
England,2025-02-10,ENG,United Kingdom,england_detail,2025,1,2,7,2023-2026,90.0,818.0,988.2857142857143,232834.0,2.8528571428571428
England,2025-02-17,ENG,United Kingdom,england_detail,2025,1,2,8,2023-2026,71.0,938.0,1027.2857142857142,228536.0,3.0385714285714287
England,2025-02-24,ENG,United Kingdom,england_detail,2025,1,2,9,2023-2026,75.0,810.0,1101.857142857143,226347.0,3.302857142857143
England,2025-03-03,ENG,United Kingdom,england_detail,2025,1,3,10,2023-2026,89.0,848.0,1012.8571428571429,206153.0,3.3057142857142856
England,2025-03-10,ENG,United Kingdom,england_detail,2025,1,3,11,2023-2026,65.0,877.0,1031.142857142857,208311.0,3.46
England,2025-03-17,ENG,United Kingdom,england_detail,2025,1,3,12,2023-2026,70.0,1018.0,1051.4285714285713,203525.0,3.825714285714286
England,2025-03-24,ENG,United Kingdom,england_detail,2025,1,3,13,2023-2026,86.0,1024.0,1174.4285714285713,199979.0,4.319999999999999
England,2025-03-31,ENG,United Kingdom,england_detail,2025,1,3,14,2023-2026,92.0,970.0,1174.7142857142858,190630.0,4.6571428571428575
England,2025-04-07,ENG,United Kingdom,england_detail,2025,2,4,15,2023-2026,79.0,1024.0,1109.0,190488.0,4.887142857142857
England,2025-04-14,ENG,United Kingdom,england_detail,2025,2,4,16,2023-2026,55.0,982.0,1185.2857142857142,184733.0,5.1000000000000005
England,2025-04-21,ENG,United Kingdom,england_detail,2025,2,4,17,2023-2026,66.0,1092.0,1225.0,170072.0,5.341428571428572
England,2025-04-28,ENG,United Kingdom,england_detail,2025,2,4,18,2023-2026,104.0,934.0,1224.4285714285713,165421.0,5.744285714285715
England,2025-05-05,ENG,United Kingdom,england_detail,2025,2,5,19,2023-2026,79.0,913.0,1114.2857142857142,150634.0,5.21
England,2025-05-12,ENG,United Kingdom,england_detail,2025,2,5,20,2023-2026,76.0,879.0,1132.5714285714287,150600.0,5.6814285714285715
England,2025-05-19,ENG,United Kingdom,england_detail,2025,2,5,21,2023-2026,76.0,843.0,1060.857142857143,144941.0,5.659999999999999
England,2025-05-26,ENG,United Kingdom,england_detail,2025,2,5,22,2023-2026,70.0,967.0,1102.142857142857,142329.0,6.098571428571428
England,2025-06-02,ENG,United Kingdom,england_detail,2025,2,6,23,2023-2026,74.0,905.0,1114.2857142857142,143645.0,6.507142857142857
England,2025-06-09,ENG,United Kingdom,england_detail,2025,2,6,24,2023-2026,67.0,1008.0,1122.2857142857142,142724.0,6.855714285714286
England,2025-06-16,ENG,United Kingdom,england_detail,2025,2,6,25,2023-2026,63.0,1007.0,1086.0,139597.0,7.2299999999999995
England,2025-06-23,ENG,United Kingdom,england_detail,2025,2,6,26,2023-2026,64.0,755.0,1000.0,131922.0,6.408571428571428
England,2025-06-30,ENG,United Kingdom,england_detail,2025,2,6,27,2023-2026,52.0,693.0,862.4285714285714,123127.0,5.914285714285714
England,2025-07-07,ENG,United Kingdom,england_detail,2025,3,7,28,2023-2026,58.0,816.0,834.4285714285714,121282.0,6.247142857142857
England,2025-07-14,ENG,United Kingdom,england_detail,2025,3,7,29,2023-2026,67.0,839.0,864.5714285714286,123590.0,6.677142857142857
England,2025-07-21,ENG,United Kingdom,england_detail,2025,3,7,30,2023-2026,49.0,812.0,883.7142857142857,122862.0,6.388571428571429
England,2025-07-28,ENG,United Kingdom,england_detail,2025,3,7,31,2023-2026,43.0,790.0,878.1428571428571,112261.0,7.122857142857143
England,2025-08-04,ENG,United Kingdom,england_detail,2025,3,8,32,2023-2026,46.0,1027.0,954.4285714285714,117959.0,7.87
England,2025-08-11,ENG,United Kingdom,england_detail,2025,3,8,33,2023-2026,47.0,1141.0,1136.142857142857,118722.0,9.24
England,2025-08-18,ENG,United Kingdom,england_detail,2025,3,8,34,2023-2026,56.0,1005.0,1144.142857142857,113312.0,9.098571428571429
England,2025-08-25,ENG,United Kingdom,england_detail,2025,3,8,35,2023-2026,60.0,1158.0,1193.0,111705.0,9.664285714285715
England,2025-09-01,ENG,United Kingdom,england_detail,2025,3,9,36,2023-2026,84.0,1241.0,1250.4285714285713,121345.0,9.947142857142856
England,2025-09-08,ENG,United Kingdom,england_detail,2025,3,9,37,2023-2026,81.0,1381.0,1307.2857142857142,126213.0,10.48
England,2025-09-15,ENG,United Kingdom,england_detail,2025,3,9,38,2023-2026,88.0,1816.0,1473.142857142857,137339.0,11.288571428571428
England,2025-09-22,ENG,United Kingdom,england_detail,2025,3,9,39,2023-2026,91.0,2030.0,1825.5714285714287,149607.0,12.395714285714286
England,2025-09-29,ENG,United Kingdom,england_detail,2025,3,9,40,2023-2026,102.0,2342.0,2192.285714285714,170330.0,13.278571428571428
England,2025-10-06,ENG,United Kingdom,england_detail,2025,4,10,41,2023-2026,148.0,2245.0,2458.1428571428573,185464.0,12.235714285714286
England,2025-10-13,ENG,United Kingdom,england_detail,2025,4,10,42,2023-2026,159.0,1838.0,2273.4285714285716,186516.0,10.271428571428572
England,2025-10-20,ENG,United Kingdom,england_detail,2025,4,10,43,2023-2026,150.0,1418.0,1997.5714285714287,199311.0,8.035714285714286
England,2025-10-27,ENG,United Kingdom,england_detail,2025,4,10,44,2023-2026,129.0,1186.0,1692.4285714285713,201358.0,6.142857142857143
England,2025-11-03,ENG,United Kingdom,england_detail,2025,4,11,45,2023-2026,145.0,925.0,1456.7142857142858,207764.0,4.954285714285715
England,2025-11-10,ENG,United Kingdom,england_detail,2025,4,11,46,2023-2026,125.0,641.0,1148.5714285714287,205471.0,3.46
England,2025-11-17,ENG,United Kingdom,england_detail,2025,4,11,47,2023-2026,105.0,522.0,868.0,203442.0,2.575714285714286
England,2025-11-24,ENG,United Kingdom,england_detail,2025,4,11,48,2023-2026,83.0,692.0,825.8571428571429,235079.0,2.275714285714286
England,2025-12-01,ENG,United Kingdom,england_detail,2025,4,12,49,2023-2026,60.0,681.0,861.2857142857143,269021.0,2.18
England,2025-12-08,ENG,United Kingdom,england_detail,2025,4,12,50,2023-2026,47.0,609.0,791.4285714285714,295823.0,2.032857142857143
England,2025-12-15,ENG,United Kingdom,england_detail,2025,4,12,51,2023-2026,62.0,516.0,706.5714285714286,295117.0,1.7757142857142856
England,2025-12-22,ENG,United Kingdom,england_detail,2025,4,12,52,2023-2026,25.0,475.0,608.4285714285714,259157.0,1.7357142857142858
England,2025-12-29,ENG,United Kingdom,england_detail,2025,4,12,1,2023-2026,41.0,525.0,658.8571428571429,261833.0,1.832857142857143
England,2026-01-05,ENG,United Kingdom,england_detail,2026,1,1,2,2023-2026,53.0,525.0,667.1428571428571,266682.0,1.832857142857143
England,2026-01-12,ENG,United Kingdom,england_detail,2026,1,1,3,2023-2026,61.0,589.0,658.5714285714286,259443.0,2.032857142857143
England,2026-01-19,ENG,United Kingdom,england_detail,2026,1,1,4,2023-2026,56.0,580.0,644.4285714285714,236970.0,2.255714285714286
England,2026-01-26,ENG,United Kingdom,england_detail,2026,1,1,5,2023-2026,43.0,504.0,630.1428571428571,221840.0,2.3428571428571425
England,2026-02-02,ENG,United Kingdom,england_detail,2026,1,2,6,2023-2026,46.0,563.0,581.2857142857143,210103.0,2.6757142857142857
England,2026-02-09,ENG,United Kingdom,england_detail,2026,1,2,7,2023-2026,43.0,521.0,569.8571428571429,205214.0,2.7885714285714287
England,2026-02-16,ENG,United Kingdom,england_detail,2026,1,2,8,2023-2026,45.0,584.0,541.1428571428571,190297.0,2.7685714285714282
England,2026-02-23,ENG,United Kingdom,england_detail,2026,1,2,9,2023-2026,36.0,488.0,562.0,184144.0,2.6542857142857144
England,2026-03-02,ENG,United Kingdom,england_detail,2026,1,3,10,2023-2026,30.0,410.0,508.7142857142857,172561.0,2.4528571428571433
England,2026-03-09,ENG,United Kingdom,england_detail,2026,1,3,11,2023-2026,27.0,431.0,474.7142857142857,165443.0,2.2
England,2026-03-16,ENG,United Kingdom,england_detail,2026,1,3,12,2023-2026,30.0,423.0,419.57142857142856,164104.0,2.3085714285714287
England,2026-03-23,ENG,United Kingdom,england_detail,2026,1,3,13,2023-2026,27.0,349.0,398.0,163717.0,2.2985714285714285
England,2026-03-30,ENG,United Kingdom,england_detail,2026,1,3,14,2023-2026,17.0,300.0,331.0,154017.0,2.085714285714286
England,2026-04-06,ENG,United Kingdom,england_detail,2026,2,4,15,2023-2026,25.0,240.0,324.42857142857144,135258.0,2.04
England,2026-04-13,ENG,United Kingdom,england_detail,2026,2,4,16,2023-2026,22.0,198.0,294.7142857142857,136643.0,1.5157142857142856
England,2026-04-20,ENG,United Kingdom,england_detail,2026,2,4,17,2023-2026,17.0,162.0,245.57142857142858,132737.0,1.17
England,2026-04-27,ENG,United Kingdom,england_detail,2026,2,4,18,2023-2026,19.0,109.0,225.75,129520.0,1.1242857142857143
England,2026-05-04,ENG,United Kingdom,england_detail,2026,2,5,19,2023-2026,11.0,,,124860.0,1.1985714285714286
England,2026-05-11,ENG,United Kingdom,england_detail,2026,2,5,20,2023-2026,,,,113920.0,1.0085714285714287
England,2026-05-18,ENG,United Kingdom,england_detail,2026,2,5,21,2023-2026,,,,10475.0,0.9
